method,seed,iteracion,yield,fuente,rechazos
bo_puro,0,0,74.5883456051167,bo_puro,0
bo_puro,0,1,42.22083424824,bo_puro,0
bo_puro,0,2,74.59672756184,bo_puro,0
bo_puro,0,3,65.79848992630666,bo_puro,0
bo_puro,0,4,66.37417774120001,bo_puro,0
bo_puro,0,5,73.47764650840666,bo_puro,0
bo_puro,0,6,85.24400795496668,bo_puro,0
bo_puro,0,7,32.609529176663315,bo_puro,0
bo_puro,0,8,35.83778598426,bo_puro,0
bo_puro,0,9,87.99561201933336,bo_puro,0
bo_puro,0,10,85.35236356806668,bo_puro,0
bo_puro,0,11,75.31119033122668,bo_puro,0
bo_puro,0,12,82.88702583923339,bo_puro,0
bo_puro,0,13,42.25275232833332,bo_puro,0
bo_puro,0,14,73.11425321552,bo_puro,0
bo_puro,0,15,85.47262775436656,bo_puro,0
bo_puro,0,16,86.85762337510006,bo_puro,0
bo_puro,0,17,85.9872213274333,bo_puro,0
bo_puro,0,18,73.86383808299995,bo_puro,0
bo_puro,0,19,33.91498568432669,bo_puro,0
bo_puro,0,20,80.60591492736002,bo_puro,0
bo_puro,0,21,83.45859347556684,bo_puro,0
bo_puro,0,22,84.94886391257334,bo_puro,0
bo_puro,0,23,27.854708538013327,bo_puro,0
bo_puro,0,24,78.42848162003344,bo_puro,0
bo_puro,0,25,83.75212481676667,bo_puro,0
bo_puro,0,26,32.72188531897669,bo_puro,0
bo_puro,0,27,81.17692973426664,bo_puro,0
bo_puro,0,28,83.7697067738668,bo_puro,0
bo_puro,0,29,78.29235645733331,bo_puro,0
bo_puro_ucb,0,0,70.04658836475663,bo_puro_ucb,0
bo_puro_ucb,0,1,41.11851333472665,bo_puro_ucb,0
bo_puro_ucb,0,2,73.55963355550001,bo_puro_ucb,0
bo_puro_ucb,0,3,76.3923457197001,bo_puro_ucb,0
bo_puro_ucb,0,4,24.201179988916703,bo_puro_ucb,0
bo_puro_ucb,0,5,31.206275106593324,bo_puro_ucb,0
bo_puro_ucb,0,6,37.674475212576674,bo_puro_ucb,0
bo_puro_ucb,0,7,77.86399189695328,bo_puro_ucb,0
bo_puro_ucb,0,8,77.8616325737,bo_puro_ucb,0
bo_puro_ucb,0,9,81.25635210213339,bo_puro_ucb,0
bo_puro_ucb,0,10,76.81948677959336,bo_puro_ucb,0
bo_puro_ucb,0,11,79.51488760549987,bo_puro_ucb,0
bo_puro_ucb,0,12,73.66549812573335,bo_puro_ucb,0
bo_puro_ucb,0,13,80.96785872610003,bo_puro_ucb,0
bo_puro_ucb,0,14,70.23374447068323,bo_puro_ucb,0
bo_puro_ucb,0,15,79.17902252900014,bo_puro_ucb,0
bo_puro_ucb,0,16,67.19852575666677,bo_puro_ucb,0
bo_puro_ucb,0,17,74.8526728544001,bo_puro_ucb,0
bo_puro_ucb,0,18,66.82795363806675,bo_puro_ucb,0
bo_puro_ucb,0,19,64.80487558612994,bo_puro_ucb,0
bo_puro_ucb,0,20,79.2573368584333,bo_puro_ucb,0
bo_puro_ucb,0,21,62.24548086813001,bo_puro_ucb,0
bo_puro_ucb,0,22,62.05384746964669,bo_puro_ucb,0
bo_puro_ucb,0,23,69.60722741356675,bo_puro_ucb,0
bo_puro_ucb,0,24,71.94543258493336,bo_puro_ucb,0
bo_puro_ucb,0,25,72.2690530163667,bo_puro_ucb,0
bo_puro_ucb,0,26,74.6734557926266,bo_puro_ucb,0
bo_puro_ucb,0,27,72.95793739658325,bo_puro_ucb,0
bo_puro_ucb,0,28,71.4784591639001,bo_puro_ucb,0
bo_puro_ucb,0,29,75.76645926416674,bo_puro_ucb,0
multiagente,0,0,75.8651937307534,multiagent,0
multiagente,0,1,74.29773095459998,multiagent,1
multiagente,0,2,57.18924719655004,multiagent,1
multiagente,0,3,78.43259619646012,multiagent,0
multiagente,0,4,29.09014538981668,multiagent,0
multiagente,0,5,72.72523777365667,multiagent,0
multiagente,0,6,39.294043217156656,multiagent,0
multiagente,0,7,38.52927542702,multiagent,0
multiagente,0,8,39.24062563444331,multiagent,0
multiagente,0,9,64.89224378188005,multiagent,0
multiagente,0,10,75.07661466959003,multiagent,0
multiagente,0,11,71.9200212728667,multiagent,0
multiagente,0,12,75.41349564916337,multiagent,0
multiagente,0,13,74.55446027255991,multiagent,0
multiagente,0,14,32.48340036007003,multiagent,0
multiagente,0,15,76.45230577556673,multiagent,0
multiagente,0,16,32.69260020062337,multiagent,1
multiagente,0,17,74.02967260756668,multiagent,0
multiagente,0,18,79.4972797124967,multiagent,0
multiagente,0,19,70.88955403900997,multiagent,0
multiagente,0,20,73.27538585153006,multiagent,1
multiagente,0,21,72.97222815415671,multiagent,2
multiagente,0,22,70.31058536340002,multiagent,1
multiagente,0,23,79.4972797124967,multiagent,1
multiagente,0,24,84.67318442886668,multiagent,1
multiagente,0,25,89.78158606836664,multiagent,1
multiagente,0,26,82.37120677842992,multiagent,0
multiagente,0,27,90.6076509887,multiagent,1
multiagente,0,28,88.68009189729995,multiagent,0
multiagente,0,29,83.32313083425335,multiagent,0
multiagente_ucb,0,0,70.04658836475663,multiagente_ucb,0
multiagente_ucb,0,1,43.44971762077667,multiagente_ucb,0
multiagente_ucb,0,2,58.25599812357997,multiagente_ucb,0
multiagente_ucb,0,3,74.91771324813995,multiagente_ucb,0
multiagente_ucb,0,4,67.98953057759995,multiagente_ucb,0
multiagente_ucb,0,5,75.21982398047655,multiagente_ucb,0
multiagente_ucb,0,6,77.14922059508669,multiagente_ucb,0
multiagente_ucb,0,7,35.28645619436337,multiagente_ucb,0
multiagente_ucb,0,8,73.33027079552,multiagente_ucb,0
multiagente_ucb,0,9,73.06103426494667,multiagente_ucb,0
multiagente_ucb,0,10,50.90568759635664,multiagente_ucb,0
multiagente_ucb,0,11,73.04715513416672,multiagente_ucb,0
multiagente_ucb,0,12,69.30617889663662,multiagente_ucb,0
multiagente_ucb,0,13,78.94475696613341,multiagente_ucb,0
multiagente_ucb,0,14,73.15283456356998,multiagente_ucb,1
multiagente_ucb,0,15,51.34973361834668,multiagente_ucb,0
multiagente_ucb,0,16,58.81191103967335,multiagente_ucb,1
multiagente_ucb,0,17,77.67715575976666,multiagente_ucb,0
multiagente_ucb,0,18,78.12057394925661,multiagente_ucb,0
multiagente_ucb,0,19,84.13881655974342,multiagente_ucb,0
multiagente_ucb,0,20,80.6827651168333,multiagente_ucb,1
multiagente_ucb,0,21,69.63012796795668,multiagente_ucb,0
multiagente_ucb,0,22,74.8894959874233,multiagente_ucb,0
multiagente_ucb,0,23,84.77459464006684,multiagente_ucb,0
multiagente_ucb,0,24,74.64534264547669,multiagente_ucb,1
multiagente_ucb,0,25,63.78600562327001,multiagente_ucb,1
multiagente_ucb,0,26,55.05736256127669,multiagente_ucb,0
multiagente_ucb,0,27,76.11749281476658,multiagente_ucb,0
multiagente_ucb,0,28,75.67514538472656,multiagente_ucb,1
multiagente_ucb,0,29,85.81999412373332,multiagente_ucb,1
batch_llm,0,0,12.050393028033357,batch_llm,0
batch_llm,0,1,44.4698264775233,batch_llm,0
batch_llm,0,2,81.3068329684001,batch_llm,0
batch_llm,0,3,30.695559359439983,batch_llm,1
batch_llm,0,4,42.0146580411967,batch_llm,0
batch_llm,0,5,68.54966459830001,batch_llm,0
batch_llm,0,6,72.52609643236339,batch_llm,0
batch_llm,0,7,68.82385131743993,batch_llm,0
batch_llm,0,8,61.49693153847667,batch_llm,0
batch_llm,0,9,65.47270534356666,batch_llm,0
batch_llm,0,10,31.711905862573325,batch_llm,0
batch_llm,0,11,5.4264597702599975,batch_llm,0
batch_llm,0,12,27.696271286916637,batch_llm,0
batch_llm,0,13,75.79956214076672,batch_llm,0
batch_llm,0,14,70.75341911243001,batch_llm,0
batch_llm,0,15,47.51922581283,batch_llm,0
batch_llm,0,16,80.6872985438667,batch_llm,1
batch_llm,0,17,81.51493202889654,batch_llm,0
batch_llm,0,18,59.22345792270005,batch_llm,0
batch_llm,0,19,63.06524250336994,batch_llm,0
batch_llm,0,20,62.64777709219675,batch_llm,0
batch_llm,0,21,72.52821255118666,batch_llm,0
batch_llm,0,22,81.10034941829997,batch_llm,1
batch_llm,0,23,78.21152808483997,batch_llm,0
batch_llm,0,24,82.6043786660334,batch_llm,1
batch_llm,0,25,82.48348979306671,batch_llm,0
batch_llm,0,26,78.14325383860006,batch_llm,0
batch_llm,0,27,75.92978856676675,batch_llm,0
batch_llm,0,28,64.42667722586665,batch_llm,1
batch_llm,0,29,88.35961498776668,batch_llm,1
batch_llm_ucb,0,0,41.61957012138664,batch_llm_ucb,1
batch_llm_ucb,0,1,44.08292274343667,batch_llm_ucb,0
batch_llm_ucb,0,2,6.051103496543331,batch_llm_ucb,0
batch_llm_ucb,0,3,63.94056874332674,batch_llm_ucb,0
batch_llm_ucb,0,4,79.67202987853338,batch_llm_ucb,0
batch_llm_ucb,0,5,73.53604113006668,batch_llm_ucb,0
batch_llm_ucb,0,6,60.7080563838367,batch_llm_ucb,1
batch_llm_ucb,0,7,7.718816995530004,batch_llm_ucb,0
batch_llm_ucb,0,8,73.25933112200003,batch_llm_ucb,0
batch_llm_ucb,0,9,49.954217476390006,batch_llm_ucb,0
batch_llm_ucb,0,10,83.4376354893,batch_llm_ucb,1
batch_llm_ucb,0,11,32.54105643241668,batch_llm_ucb,0
batch_llm_ucb,0,12,80.8408259758667,batch_llm_ucb,1
batch_llm_ucb,0,13,71.5547499667334,batch_llm_ucb,1
batch_llm_ucb,0,14,66.0430489700067,batch_llm_ucb,1
batch_llm_ucb,0,15,79.37847648593325,batch_llm_ucb,1
batch_llm_ucb,0,16,56.94593593552668,batch_llm_ucb,0
batch_llm_ucb,0,17,45.40655302377666,batch_llm_ucb,0
batch_llm_ucb,0,18,60.373858862800056,batch_llm_ucb,0
batch_llm_ucb,0,19,34.391770014920034,batch_llm_ucb,0
batch_llm_ucb,0,20,81.30212882910001,batch_llm_ucb,1
batch_llm_ucb,0,21,68.61924713889994,batch_llm_ucb,1
batch_llm_ucb,0,22,73.59342160725663,batch_llm_ucb,1
batch_llm_ucb,0,23,79.21200600416671,batch_llm_ucb,1
batch_llm_ucb,0,24,82.29260491539998,batch_llm_ucb,1
batch_llm_ucb,0,25,22.15956600448665,batch_llm_ucb,1
batch_llm_ucb,0,26,32.30567941650001,bo_fallback_ucb,3
batch_llm_ucb,0,27,35.975468698269985,batch_llm_ucb,2
batch_llm_ucb,0,28,80.36710915366665,batch_llm_ucb,1
batch_llm_ucb,0,29,71.98410966843333,batch_llm_ucb,2
bo_puro,1,0,79.85281197293327,bo_puro,0
bo_puro,1,1,76.75997520016666,bo_puro,0
bo_puro,1,2,80.14773335670326,bo_puro,0
bo_puro,1,3,62.47110970703334,bo_puro,0
bo_puro,1,4,76.76547365961666,bo_puro,0
bo_puro,1,5,78.7120327960433,bo_puro,0
bo_puro,1,6,61.14195384133007,bo_puro,0
bo_puro,1,7,70.20595215200005,bo_puro,0
bo_puro,1,8,80.36457079033337,bo_puro,0
bo_puro,1,9,72.63374685701,bo_puro,0
bo_puro,1,10,82.27627537116669,bo_puro,0
bo_puro,1,11,78.83769051593661,bo_puro,0
bo_puro,1,12,76.62135967916666,bo_puro,0
bo_puro,1,13,80.9946715465033,bo_puro,0
bo_puro,1,14,75.50760885133334,bo_puro,0
bo_puro,1,15,78.56413934292992,bo_puro,0
bo_puro,1,16,74.72524976509999,bo_puro,0
bo_puro,1,17,76.47515656540669,bo_puro,0
bo_puro,1,18,56.56829701766665,bo_puro,0
bo_puro,1,19,79.15444882880665,bo_puro,0
bo_puro,1,20,84.7714032827,bo_puro,0
bo_puro,1,21,81.23037142522989,bo_puro,0
bo_puro,1,22,74.05721270046662,bo_puro,0
bo_puro,1,23,77.51976066950003,bo_puro,0
bo_puro,1,24,69.37620320602669,bo_puro,0
bo_puro,1,25,53.23542469892664,bo_puro,0
bo_puro,1,26,77.91596906102667,bo_puro,0
bo_puro,1,27,85.9413886575668,bo_puro,0
bo_puro,1,28,82.4626961827766,bo_puro,0
bo_puro,1,29,81.94684228366333,bo_puro,0
bo_puro_ucb,1,0,77.40534402873999,bo_puro_ucb,0
bo_puro_ucb,1,1,62.62034498333335,bo_puro_ucb,0
bo_puro_ucb,1,2,56.00424687528002,bo_puro_ucb,0
bo_puro_ucb,1,3,76.39123094107336,bo_puro_ucb,0
bo_puro_ucb,1,4,27.29949967382336,bo_puro_ucb,0
bo_puro_ucb,1,5,81.28111671233327,bo_puro_ucb,0
bo_puro_ucb,1,6,70.1637244500333,bo_puro_ucb,0
bo_puro_ucb,1,7,83.31161131553996,bo_puro_ucb,0
bo_puro_ucb,1,8,76.77860960906666,bo_puro_ucb,0
bo_puro_ucb,1,9,79.41698316746664,bo_puro_ucb,0
bo_puro_ucb,1,10,35.06830435276997,bo_puro_ucb,0
bo_puro_ucb,1,11,73.31711799808342,bo_puro_ucb,0
bo_puro_ucb,1,12,38.14921342269334,bo_puro_ucb,0
bo_puro_ucb,1,13,71.5292934247333,bo_puro_ucb,0
bo_puro_ucb,1,14,66.85060727356,bo_puro_ucb,0
bo_puro_ucb,1,15,70.04844369406679,bo_puro_ucb,0
bo_puro_ucb,1,16,76.22815771760337,bo_puro_ucb,0
bo_puro_ucb,1,17,67.88757607716664,bo_puro_ucb,0
bo_puro_ucb,1,18,75.20521546420004,bo_puro_ucb,0
bo_puro_ucb,1,19,73.64666324251998,bo_puro_ucb,0
bo_puro_ucb,1,20,81.27775945003664,bo_puro_ucb,0
bo_puro_ucb,1,21,66.12118886340004,bo_puro_ucb,0
bo_puro_ucb,1,22,52.624086363106656,bo_puro_ucb,0
bo_puro_ucb,1,23,74.08788606042663,bo_puro_ucb,0
bo_puro_ucb,1,24,82.66793576239996,bo_puro_ucb,0
bo_puro_ucb,1,25,70.6795669567399,bo_puro_ucb,0
bo_puro_ucb,1,26,77.83514513620004,bo_puro_ucb,0
bo_puro_ucb,1,27,81.06806489396995,bo_puro_ucb,0
bo_puro_ucb,1,28,51.5087383572534,bo_puro_ucb,0
bo_puro_ucb,1,29,82.61841517113659,bo_puro_ucb,0
multiagente,1,0,79.85281197293327,multiagent,0
multiagente,1,1,78.35829035043332,multiagent,0
multiagente,1,2,70.24740991472667,multiagent,0
multiagente,1,3,79.09718569070662,multiagent,0
multiagente,1,4,3.868313540946668,multiagent,0
multiagente,1,5,72.75315089732001,multiagent,0
multiagente,1,6,79.05771009280669,multiagent,0
multiagente,1,7,59.85849912429666,multiagent,0
multiagente,1,8,79.76856916996665,multiagent,0
multiagente,1,9,77.17573814530667,multiagent,1
multiagente,1,10,80.37956771056665,multiagent,0
multiagente,1,11,56.654431989006646,multiagent,0
multiagente,1,12,79.37200327393334,multiagent,1
multiagente,1,13,77.62998706629998,multiagent,0
multiagente,1,14,78.50265333993333,multiagent,0
multiagente,1,15,77.95801110656657,multiagent,0
multiagente,1,16,78.51664079246665,multiagent,0
multiagente,1,17,75.05896684734667,multiagent,1
multiagente,1,18,39.81008575935669,multiagent,0
multiagente,1,19,80.77552770771325,multiagent,0
multiagente,1,20,78.19627255849664,multiagent,0
multiagente,1,21,81.08732936473656,multiagent,0
multiagente,1,22,78.45962245490661,multiagent,0
multiagente,1,23,81.20275871506327,multiagent,0
multiagente,1,24,76.53462777425999,multiagent,1
multiagente,1,25,82.82333444106669,multiagent,0
multiagente,1,26,52.22469894663337,multiagent,0
multiagente,1,27,81.79732547049996,multiagent,0
multiagente,1,28,81.46963091494656,multiagent,1
multiagente,1,29,73.77442385541664,multiagent,1
multiagente_ucb,1,0,77.58132203450997,multiagente_ucb,0
multiagente_ucb,1,1,64.82790108880002,multiagente_ucb,0
multiagente_ucb,1,2,79.8207421988367,multiagente_ucb,1
multiagente_ucb,1,3,55.45699097275329,multiagente_ucb,0
multiagente_ucb,1,4,31.71192650005999,multiagente_ucb,0
multiagente_ucb,1,5,79.55194549212007,multiagente_ucb,0
multiagente_ucb,1,6,33.495471690946665,multiagente_ucb,0
multiagente_ucb,1,7,65.82304593871665,multiagente_ucb,0
multiagente_ucb,1,8,73.78167684343337,multiagente_ucb,0
multiagente_ucb,1,9,79.12740002843661,multiagente_ucb,1
multiagente_ucb,1,10,77.94658210847003,multiagente_ucb,0
multiagente_ucb,1,11,78.12497294236998,multiagente_ucb,2
multiagente_ucb,1,12,76.71376151100998,multiagente_ucb,2
multiagente_ucb,1,13,80.4594838097367,multiagente_ucb,1
multiagente_ucb,1,14,68.43777013990001,multiagente_ucb,0
multiagente_ucb,1,15,79.24090360213663,multiagente_ucb,1
multiagente_ucb,1,16,69.17022539953335,multiagente_ucb,0
multiagente_ucb,1,17,80.47006014978987,multiagente_ucb,0
multiagente_ucb,1,18,34.23224247911666,multiagente_ucb,1
multiagente_ucb,1,19,70.17421018766665,multiagente_ucb,2
multiagente_ucb,1,20,76.09283192919003,multiagente_ucb,0
multiagente_ucb,1,21,81.33288717902663,multiagente_ucb,0
multiagente_ucb,1,22,45.583347501556666,multiagente_ucb,0
multiagente_ucb,1,23,73.58926395744996,multiagente_ucb,0
multiagente_ucb,1,24,60.41003599782999,multiagente_ucb,0
multiagente_ucb,1,25,72.37843385338671,multiagente_ucb,0
multiagente_ucb,1,26,81.32795127298988,multiagente_ucb,0
multiagente_ucb,1,27,28.21096493082668,multiagente_ucb,0
multiagente_ucb,1,28,31.01371115092667,multiagente_ucb,0
multiagente_ucb,1,29,80.95363008185328,multiagente_ucb,0
batch_llm,1,0,19.747594290240013,batch_llm,0
batch_llm,1,1,73.36690942820668,batch_llm,0
batch_llm,1,2,37.32128152305335,batch_llm,0
batch_llm,1,3,79.0162465783633,batch_llm,1
batch_llm,1,4,78.9870365978334,batch_llm,0
batch_llm,1,5,41.230521397213295,batch_llm,0
batch_llm,1,6,42.1231030953933,batch_llm,0
batch_llm,1,7,76.09296026839667,batch_llm,2
batch_llm,1,8,65.76334047833333,batch_llm,0
batch_llm,1,9,26.706417715280026,batch_llm,0
batch_llm,1,10,37.31948053982335,batch_llm,0
batch_llm,1,11,76.42911567377,batch_llm,2
batch_llm,1,12,76.88271977270331,batch_llm,2
batch_llm,1,13,2.585729533903333,batch_llm,0
batch_llm,1,14,60.67487242676668,batch_llm,0
batch_llm,1,15,41.75955264223998,batch_llm,0
batch_llm,1,16,18.084038731869985,batch_llm,0
batch_llm,1,17,74.06841954683337,batch_llm,0
batch_llm,1,18,70.8354946964267,bo_fallback,3
batch_llm,1,19,84.98113857956663,batch_llm,0
batch_llm,1,20,44.134059576273366,batch_llm,0
batch_llm,1,21,82.61272513473318,batch_llm,1
batch_llm,1,22,33.25311236559002,batch_llm,0
batch_llm,1,23,52.80651551416662,batch_llm,0
batch_llm,1,24,33.34854540863,batch_llm,1
batch_llm,1,25,36.43215609037334,batch_llm,0
batch_llm,1,26,62.976753878799975,batch_llm,0
batch_llm,1,27,70.56395767731667,batch_llm,1
batch_llm,1,28,87.21328676950004,batch_llm,0
batch_llm,1,29,88.34723062316661,batch_llm,1
batch_llm_ucb,1,0,67.42432981083336,batch_llm_ucb,0
batch_llm_ucb,1,1,82.8381862711332,batch_llm_ucb,0
batch_llm_ucb,1,2,59.24212231725993,batch_llm_ucb,0
batch_llm_ucb,1,3,80.55299779588661,batch_llm_ucb,1
batch_llm_ucb,1,4,69.18602627213335,batch_llm_ucb,0
batch_llm_ucb,1,5,72.77062954686674,batch_llm_ucb,0
batch_llm_ucb,1,6,77.65866277035002,batch_llm_ucb,0
batch_llm_ucb,1,7,70.2990216029,batch_llm_ucb,1
batch_llm_ucb,1,8,66.14360198286005,batch_llm_ucb,0
batch_llm_ucb,1,9,62.839381672300064,batch_llm_ucb,0
batch_llm_ucb,1,10,63.92069474976674,batch_llm_ucb,0
batch_llm_ucb,1,11,78.96523660643344,batch_llm_ucb,0
batch_llm_ucb,1,12,85.78095943683327,batch_llm_ucb,1
batch_llm_ucb,1,13,23.429917425423323,batch_llm_ucb,0
batch_llm_ucb,1,14,47.55224817563672,batch_llm_ucb,0
batch_llm_ucb,1,15,84.02125476533332,batch_llm_ucb,1
batch_llm_ucb,1,16,67.79196279530328,batch_llm_ucb,0
batch_llm_ucb,1,17,86.82033237846652,batch_llm_ucb,1
batch_llm_ucb,1,18,36.80825935121005,batch_llm_ucb,0
batch_llm_ucb,1,19,38.00183880527669,batch_llm_ucb,0
batch_llm_ucb,1,20,82.1481442875332,batch_llm_ucb,2
batch_llm_ucb,1,21,77.93629778451667,batch_llm_ucb,1
batch_llm_ucb,1,22,70.12019554453002,batch_llm_ucb,0
batch_llm_ucb,1,23,63.13675699383332,batch_llm_ucb,0
batch_llm_ucb,1,24,70.97269729146662,batch_llm_ucb,0
batch_llm_ucb,1,25,88.45228651529996,batch_llm_ucb,1
batch_llm_ucb,1,26,31.25533278222004,batch_llm_ucb,0
batch_llm_ucb,1,27,90.06787375143325,batch_llm_ucb,0
batch_llm_ucb,1,28,81.62277892579996,batch_llm_ucb,1
batch_llm_ucb,1,29,87.50456748986657,batch_llm_ucb,1
bo_puro,2,0,24.28435174573001,bo_puro,0
bo_puro,2,1,47.932231601400005,bo_puro,0
bo_puro,2,2,34.526220748110006,bo_puro,0
bo_puro,2,3,66.92541388944662,bo_puro,0
bo_puro,2,4,46.53747324873004,bo_puro,0
bo_puro,2,5,28.660594719606664,bo_puro,0
bo_puro,2,6,51.67420850958002,bo_puro,0
bo_puro,2,7,54.29854853007338,bo_puro,0
bo_puro,2,8,70.25752079927999,bo_puro,0
bo_puro,2,9,29.94937951041334,bo_puro,0
bo_puro,2,10,79.52736418906336,bo_puro,0
bo_puro,2,11,81.93046134156673,bo_puro,0
bo_puro,2,12,21.712730339836643,bo_puro,0
bo_puro,2,13,78.69716524815674,bo_puro,0
bo_puro,2,14,77.5886430245867,bo_puro,0
bo_puro,2,15,78.68085257366673,bo_puro,0
bo_puro,2,16,51.45800342853663,bo_puro,0
bo_puro,2,17,79.13399424779332,bo_puro,0
bo_puro,2,18,87.00181918386666,bo_puro,0
bo_puro,2,19,52.99268324476676,bo_puro,0
bo_puro,2,20,80.22160761553336,bo_puro,0
bo_puro,2,21,79.91914869656674,bo_puro,0
bo_puro,2,22,88.87383569483339,bo_puro,0
bo_puro,2,23,60.172076431666696,bo_puro,0
bo_puro,2,24,85.59536297299985,bo_puro,0
bo_puro,2,25,84.53311554063325,bo_puro,0
bo_puro,2,26,53.84570087624004,bo_puro,0
bo_puro,2,27,84.07573563093328,bo_puro,0
bo_puro,2,28,84.71624649810006,bo_puro,0
bo_puro,2,29,84.8632891259001,bo_puro,0
bo_puro_ucb,2,0,21.50910930627332,bo_puro_ucb,0
bo_puro_ucb,2,1,46.6565939982667,bo_puro_ucb,0
bo_puro_ucb,2,2,27.850202033340004,bo_puro_ucb,0
bo_puro_ucb,2,3,76.28051518524995,bo_puro_ucb,0
bo_puro_ucb,2,4,53.56746346172,bo_puro_ucb,0
bo_puro_ucb,2,5,62.60675001069671,bo_puro_ucb,0
bo_puro_ucb,2,6,69.26408364132995,bo_puro_ucb,0
bo_puro_ucb,2,7,79.65465811394668,bo_puro_ucb,0
bo_puro_ucb,2,8,67.8520825102666,bo_puro_ucb,0
bo_puro_ucb,2,9,71.85959359827005,bo_puro_ucb,0
bo_puro_ucb,2,10,7.550093487696665,bo_puro_ucb,0
bo_puro_ucb,2,11,73.75319497569998,bo_puro_ucb,0
bo_puro_ucb,2,12,69.02039850377996,bo_puro_ucb,0
bo_puro_ucb,2,13,78.14233249730658,bo_puro_ucb,0
bo_puro_ucb,2,14,45.03773972635339,bo_puro_ucb,0
bo_puro_ucb,2,15,70.36891025143338,bo_puro_ucb,0
bo_puro_ucb,2,16,21.404053844193346,bo_puro_ucb,0
bo_puro_ucb,2,17,52.31232931772671,bo_puro_ucb,0
bo_puro_ucb,2,18,57.797232502083325,bo_puro_ucb,0
bo_puro_ucb,2,19,72.49859180139664,bo_puro_ucb,0
bo_puro_ucb,2,20,63.0389956997666,bo_puro_ucb,0
bo_puro_ucb,2,21,73.25079288470334,bo_puro_ucb,0
bo_puro_ucb,2,22,76.13577260282003,bo_puro_ucb,0
bo_puro_ucb,2,23,69.4326317492334,bo_puro_ucb,0
bo_puro_ucb,2,24,25.961757167840013,bo_puro_ucb,0
bo_puro_ucb,2,25,49.634326434033376,bo_puro_ucb,0
bo_puro_ucb,2,26,77.25544058177996,bo_puro_ucb,0
bo_puro_ucb,2,27,51.45760338013003,bo_puro_ucb,0
bo_puro_ucb,2,28,58.07202905516665,bo_puro_ucb,0
bo_puro_ucb,2,29,63.23575599003333,bo_puro_ucb,0
multiagente,2,0,24.37371075907001,multiagent,0
multiagente,2,1,70.69938950996662,multiagent,1
multiagente,2,2,75.45229814915665,multiagent,0
multiagente,2,3,69.09536363073663,multiagent,1
multiagente,2,4,34.77465991131335,multiagent,0
multiagente,2,5,28.92643663222999,multiagent,0
multiagente,2,6,45.79548688889334,multiagent,0
multiagente,2,7,72.04141084833998,multiagent,0
multiagente,2,8,48.725943844716674,multiagent,0
multiagente,2,9,61.19147735009668,multiagent,0
multiagente,2,10,71.9255040281633,multiagent,0
multiagente,2,11,66.06652984021,multiagent,0
multiagente,2,12,55.74008958608332,multiagent,0
multiagente,2,13,55.39486637085664,multiagent,0
multiagente,2,14,67.60499298497997,multiagent,0
multiagente,2,15,76.61365463199999,multiagent,0
multiagente,2,16,42.303563567646655,multiagent,0
multiagente,2,17,56.71068360405665,multiagent,1
multiagente,2,18,76.23498423611665,multiagent,0
multiagente,2,19,73.49501358948334,multiagent,1
multiagente,2,20,75.62429935031672,multiagent,1
multiagente,2,21,63.77388481579995,multiagent,0
multiagente,2,22,73.14788342347,multiagent,0
multiagente,2,23,40.89809240077669,multiagent,0
multiagente,2,24,77.21612094143327,multiagent,0
multiagente,2,25,42.67848498180668,multiagent,0
multiagente,2,26,72.32598022718003,multiagent,0
multiagente,2,27,75.30246936904335,multiagent,0
multiagente,2,28,69.83241526207671,multiagent,0
multiagente,2,29,70.3160260119233,multiagent,0
multiagente_ucb,2,0,21.570570960539985,multiagente_ucb,0
multiagente_ucb,2,1,50.84966487930005,multiagente_ucb,0
multiagente_ucb,2,2,42.54639257275,multiagente_ucb,0
multiagente_ucb,2,3,27.790955537086685,multiagente_ucb,0
multiagente_ucb,2,4,73.75297880679672,multiagente_ucb,1
multiagente_ucb,2,5,41.74334680557664,multiagente_ucb,0
multiagente_ucb,2,6,74.17634233394672,multiagente_ucb,0
multiagente_ucb,2,7,72.95507881648001,multiagente_ucb,0
multiagente_ucb,2,8,71.48928345634664,multiagente_ucb,1
multiagente_ucb,2,9,43.62768275692998,multiagente_ucb,0
multiagente_ucb,2,10,72.37462449703331,multiagente_ucb,0
multiagente_ucb,2,11,47.89020327660009,multiagente_ucb,0
multiagente_ucb,2,12,78.30957702267662,multiagente_ucb,0
multiagente_ucb,2,13,79.75906288891332,multiagente_ucb,1
multiagente_ucb,2,14,70.38239163351342,multiagente_ucb,0
multiagente_ucb,2,15,73.00412597329999,multiagente_ucb,1
multiagente_ucb,2,16,55.2310921137,multiagente_ucb,1
multiagente_ucb,2,17,25.722307957350036,multiagente_ucb,0
multiagente_ucb,2,18,70.35745046933,multiagente_ucb,1
multiagente_ucb,2,19,73.37100719596995,multiagente_ucb,0
multiagente_ucb,2,20,57.90108389386656,multiagente_ucb,0
multiagente_ucb,2,21,23.95435749850002,multiagente_ucb,1
multiagente_ucb,2,22,77.54928879829993,multiagente_ucb,1
multiagente_ucb,2,23,76.31995933983333,multiagente_ucb,0
multiagente_ucb,2,24,82.38139365803342,multiagente_ucb,0
multiagente_ucb,2,25,83.1913901394667,multiagente_ucb,1
multiagente_ucb,2,26,82.63552425473331,multiagente_ucb,1
multiagente_ucb,2,27,75.0730372816966,multiagente_ucb,0
multiagente_ucb,2,28,84.3867096309334,multiagente_ucb,1
multiagente_ucb,2,29,47.926096289766704,multiagente_ucb,0
batch_llm,2,0,78.07682309428337,bo_fallback,3
batch_llm,2,1,25.089501789780005,batch_llm,0
batch_llm,2,2,58.25445816365,batch_llm,0
batch_llm,2,3,4.382848491946668,batch_llm,0
batch_llm,2,4,59.64148161603673,batch_llm,0
batch_llm,2,5,74.55415071478,batch_llm,0
batch_llm,2,6,70.5985201206667,batch_llm,1
batch_llm,2,7,32.013664085523324,batch_llm,0
batch_llm,2,8,67.10394191623338,batch_llm,0
batch_llm,2,9,58.967012987130005,batch_llm,0
batch_llm,2,10,8.37123194678,batch_llm,0
batch_llm,2,11,75.04049630075667,batch_llm,1
batch_llm,2,12,78.59608401499996,batch_llm,0
batch_llm,2,13,76.38704114494666,batch_llm,0
batch_llm,2,14,51.18536102194335,batch_llm,0
batch_llm,2,15,78.30500796249665,batch_llm,0
batch_llm,2,16,67.09272281503337,batch_llm,0
batch_llm,2,17,78.5594734023201,batch_llm,1
batch_llm,2,18,65.17351640399669,batch_llm,0
batch_llm,2,19,80.16137259702658,batch_llm,1
batch_llm,2,20,52.60626709453997,batch_llm,0
batch_llm,2,21,54.126049362580005,batch_llm,0
batch_llm,2,22,65.51675343835,batch_llm,0
batch_llm,2,23,78.9595281385334,batch_llm,1
batch_llm,2,24,80.37179743360015,batch_llm,0
batch_llm,2,25,77.84144868309006,batch_llm,0
batch_llm,2,26,4.41624338668,batch_llm,0
batch_llm,2,27,74.98393088964667,batch_llm,0
batch_llm,2,28,80.20757819736673,batch_llm,0
batch_llm,2,29,77.22589242148666,batch_llm,0
batch_llm_ucb,2,0,53.10224448772333,batch_llm_ucb,1
batch_llm_ucb,2,1,67.20386189732001,batch_llm_ucb,1
batch_llm_ucb,2,2,64.31814158612663,batch_llm_ucb,0
batch_llm_ucb,2,3,38.78225965496669,batch_llm_ucb,1
batch_llm_ucb,2,4,45.66459858943997,batch_llm_ucb,1
batch_llm_ucb,2,5,72.25645739505006,batch_llm_ucb,1
batch_llm_ucb,2,6,74.96373962176332,bo_fallback_ucb,3
batch_llm_ucb,2,7,74.61752785569999,batch_llm_ucb,1
batch_llm_ucb,2,8,9.145982966909996,batch_llm_ucb,0
batch_llm_ucb,2,9,36.62763921977004,batch_llm_ucb,0
batch_llm_ucb,2,10,78.29136384855661,batch_llm_ucb,1
batch_llm_ucb,2,11,76.74255765786668,batch_llm_ucb,1
batch_llm_ucb,2,12,80.37857400823327,batch_llm_ucb,2
batch_llm_ucb,2,13,81.36670227126672,batch_llm_ucb,1
batch_llm_ucb,2,14,72.91261211376667,batch_llm_ucb,1
batch_llm_ucb,2,15,80.05418137376662,batch_llm_ucb,0
batch_llm_ucb,2,16,73.00624555235667,batch_llm_ucb,1
batch_llm_ucb,2,17,8.370839206246671,batch_llm_ucb,1
batch_llm_ucb,2,18,76.07484860846658,batch_llm_ucb,1
batch_llm_ucb,2,19,70.83703184440002,batch_llm_ucb,1
batch_llm_ucb,2,20,72.68400597086674,batch_llm_ucb,0
batch_llm_ucb,2,21,73.72167860000003,batch_llm_ucb,0
batch_llm_ucb,2,22,78.18807252226665,batch_llm_ucb,0
batch_llm_ucb,2,23,76.23385079464005,batch_llm_ucb,1
batch_llm_ucb,2,24,53.6722907109567,batch_llm_ucb,1
batch_llm_ucb,2,25,78.20768740146667,batch_llm_ucb,1
batch_llm_ucb,2,26,86.10029973416663,batch_llm_ucb,0
batch_llm_ucb,2,27,42.011592293700005,batch_llm_ucb,0
batch_llm_ucb,2,28,85.18604300403335,batch_llm_ucb,1
batch_llm_ucb,2,29,65.46298416653336,batch_llm_ucb,0
bo_puro,3,0,54.05856687966668,bo_puro,0
bo_puro,3,1,68.61913052179331,bo_puro,0
bo_puro,3,2,27.245716120623328,bo_puro,0
bo_puro,3,3,38.192076840886685,bo_puro,0
bo_puro,3,4,47.43422797109337,bo_puro,0
bo_puro,3,5,77.95095310787663,bo_puro,0
bo_puro,3,6,44.49898176619998,bo_puro,0
bo_puro,3,7,65.65697415173338,bo_puro,0
bo_puro,3,8,39.14685834036329,bo_puro,0
bo_puro,3,9,68.86804784017671,bo_puro,0
bo_puro,3,10,76.58455904519998,bo_puro,0
bo_puro,3,11,76.48583270430328,bo_puro,0
bo_puro,3,12,78.12808274356999,bo_puro,0
bo_puro,3,13,75.39022169173329,bo_puro,0
bo_puro,3,14,76.60846412706996,bo_puro,0
bo_puro,3,15,76.58455904519998,bo_puro,0
bo_puro,3,16,69.84292217132672,bo_puro,0
bo_puro,3,17,78.2825002924867,bo_puro,0
bo_puro,3,18,46.34347654799666,bo_puro,0
bo_puro,3,19,75.16232940699662,bo_puro,0
bo_puro,3,20,75.85646399600324,bo_puro,0
bo_puro,3,21,77.86707240906662,bo_puro,0
bo_puro,3,22,75.36430703919329,bo_puro,0
bo_puro,3,23,74.83845606598663,bo_puro,0
bo_puro,3,24,27.438164871440023,bo_puro,0
bo_puro,3,25,46.15576503307999,bo_puro,0
bo_puro,3,26,77.79760795755665,bo_puro,0
bo_puro,3,27,78.70477420255995,bo_puro,0
bo_puro,3,28,77.95095310787663,bo_puro,0
bo_puro,3,29,76.92828906926661,bo_puro,0
bo_puro_ucb,3,0,54.57178179570001,bo_puro_ucb,0
bo_puro_ucb,3,1,45.80231135463339,bo_puro_ucb,0
bo_puro_ucb,3,2,19.17286713598001,bo_puro_ucb,0
bo_puro_ucb,3,3,66.42904574477006,bo_puro_ucb,0
bo_puro_ucb,3,4,71.32899565866663,bo_puro_ucb,0
bo_puro_ucb,3,5,52.40775932691674,bo_puro_ucb,0
bo_puro_ucb,3,6,41.66253805288003,bo_puro_ucb,0
bo_puro_ucb,3,7,76.62530327240331,bo_puro_ucb,0
bo_puro_ucb,3,8,74.37123784922332,bo_puro_ucb,0
bo_puro_ucb,3,9,30.309974670166667,bo_puro_ucb,0
bo_puro_ucb,3,10,74.92955901375998,bo_puro_ucb,0
bo_puro_ucb,3,11,71.59346737738001,bo_puro_ucb,0
bo_puro_ucb,3,12,77.11814805587997,bo_puro_ucb,0
bo_puro_ucb,3,13,71.21527198613659,bo_puro_ucb,0
bo_puro_ucb,3,14,79.6788915047934,bo_puro_ucb,0
bo_puro_ucb,3,15,61.41654129116333,bo_puro_ucb,0
bo_puro_ucb,3,16,73.25313002959001,bo_puro_ucb,0
bo_puro_ucb,3,17,81.36615731870003,bo_puro_ucb,0
bo_puro_ucb,3,18,86.55810212386663,bo_puro_ucb,0
bo_puro_ucb,3,19,64.3355220599,bo_puro_ucb,0
bo_puro_ucb,3,20,48.47634990979,bo_puro_ucb,0
bo_puro_ucb,3,21,82.2842342653034,bo_puro_ucb,0
bo_puro_ucb,3,22,75.90746814817342,bo_puro_ucb,0
bo_puro_ucb,3,23,42.80462537802335,bo_puro_ucb,0
bo_puro_ucb,3,24,89.39706942083332,bo_puro_ucb,0
bo_puro_ucb,3,25,83.4494087667,bo_puro_ucb,0
bo_puro_ucb,3,26,45.96608515732994,bo_puro_ucb,0
bo_puro_ucb,3,27,84.4801860803667,bo_puro_ucb,0
bo_puro_ucb,3,28,80.37081988951006,bo_puro_ucb,0
bo_puro_ucb,3,29,76.1381094279967,bo_puro_ucb,0
multiagente,3,0,54.05856687966668,multiagent,0
multiagente,3,1,42.25158761906669,multiagent,0
multiagente,3,2,42.81142962752664,multiagent,0
multiagente,3,3,74.89843052290666,multiagent,1
multiagente,3,4,76.11041899431326,multiagent,1
multiagente,3,5,54.61622603343335,multiagent,0
multiagente,3,6,75.1902990696433,multiagent,1
multiagente,3,7,56.52352530992004,multiagent,1
multiagente,3,8,76.0761096119333,multiagent,1
multiagente,3,9,70.44978619463329,multiagent,0
multiagente,3,10,41.89239105629669,multiagent,0
multiagente,3,11,75.74129891822002,multiagent,0
multiagente,3,12,58.22611466082669,multiagent,1
multiagente,3,13,79.64288160326004,multiagent,0
multiagente,3,14,68.04029811439335,multiagent,0
multiagente,3,15,77.44153407462665,multiagent,0
multiagente,3,16,79.11449064420003,multiagent,0
multiagente,3,17,45.33125769310995,multiagent,0
multiagente,3,18,21.529548562733336,multiagent,0
multiagente,3,19,38.63346013160341,multiagent,0
multiagente,3,20,78.96124299945673,multiagent,0
multiagente,3,21,78.06858024953002,multiagent,0
multiagente,3,22,68.87665952382663,multiagent,0
multiagente,3,23,76.99521990456662,multiagent,0
multiagente,3,24,69.06955776859007,multiagent,0
multiagente,3,25,78.02817280771335,multiagent,1
multiagente,3,26,74.52098453025673,multiagent,1
multiagente,3,27,73.32659813308001,multiagent,0
multiagente,3,28,38.10519738677006,multiagent,0
multiagente,3,29,30.00915109261663,multiagent,0
multiagente_ucb,3,0,54.57178179570001,multiagente_ucb,0
multiagente_ucb,3,1,70.28223485928663,multiagente_ucb,0
multiagente_ucb,3,2,42.24460778549994,multiagente_ucb,0
multiagente_ucb,3,3,69.94598733660332,multiagente_ucb,0
multiagente_ucb,3,4,51.90319746940007,multiagente_ucb,1
multiagente_ucb,3,5,69.16564835576,multiagente_ucb,0
multiagente_ucb,3,6,41.34478497047998,multiagente_ucb,1
multiagente_ucb,3,7,57.36087388775994,multiagente_ucb,0
multiagente_ucb,3,8,73.83451728694,multiagente_ucb,0
multiagente_ucb,3,9,54.25166052204001,multiagente_ucb,0
multiagente_ucb,3,10,67.23087838618329,multiagente_ucb,1
multiagente_ucb,3,11,75.88974754391332,multiagente_ucb,1
multiagente_ucb,3,12,69.24935236441007,multiagente_ucb,1
multiagente_ucb,3,13,67.53519311784997,multiagente_ucb,0
multiagente_ucb,3,14,72.24103376073322,multiagente_ucb,0
multiagente_ucb,3,15,43.38702606689336,multiagente_ucb,1
multiagente_ucb,3,16,74.69641474704333,multiagente_ucb,1
multiagente_ucb,3,17,38.24571085519996,multiagente_ucb,0
multiagente_ucb,3,18,42.59934700054337,multiagente_ucb,0
multiagente_ucb,3,19,55.66492963255335,multiagente_ucb,2
multiagente_ucb,3,20,19.56142241519667,multiagente_ucb,0
multiagente_ucb,3,21,70.42905002535997,multiagente_ucb,0
multiagente_ucb,3,22,69.8304621807433,multiagente_ucb,1
multiagente_ucb,3,23,69.78842584236668,multiagente_ucb,1
multiagente_ucb,3,24,69.32509524592336,multiagente_ucb,0
multiagente_ucb,3,25,73.15505146317663,multiagente_ucb,1
multiagente_ucb,3,26,55.71941477976668,multiagente_ucb,1
multiagente_ucb,3,27,69.04814078260664,multiagente_ucb,0
multiagente_ucb,3,28,77.23608480776666,multiagente_ucb,0
multiagente_ucb,3,29,68.69298420749988,multiagente_ucb,1
batch_llm,3,0,82.61965039636662,batch_llm,0
batch_llm,3,1,66.93497525866663,batch_llm,1
batch_llm,3,2,43.597860701766734,batch_llm,0
batch_llm,3,3,76.78956848283659,batch_llm,1
batch_llm,3,4,20.890611267320036,batch_llm,0
batch_llm,3,5,48.93957493463327,batch_llm,1
batch_llm,3,6,84.16045155963339,batch_llm,0
batch_llm,3,7,71.03475586735334,batch_llm,0
batch_llm,3,8,82.62955804639999,batch_llm,2
batch_llm,3,9,44.00655754704001,batch_llm,0
batch_llm,3,10,74.13799304997997,batch_llm,0
batch_llm,3,11,80.33372718796664,batch_llm,2
batch_llm,3,12,67.09802778008336,batch_llm,0
batch_llm,3,13,61.35498030898661,batch_llm,1
batch_llm,3,14,20.81488017586669,batch_llm,0
batch_llm,3,15,66.78256878133335,batch_llm,1
batch_llm,3,16,76.64327311996664,batch_llm,2
batch_llm,3,17,8.720041866533325,batch_llm,0
batch_llm,3,18,41.81447978577333,batch_llm,0
batch_llm,3,19,18.803497797113355,batch_llm,0
batch_llm,3,20,63.68492497804996,batch_llm,1
batch_llm,3,21,83.33372395043335,batch_llm,0
batch_llm,3,22,76.14144157074328,batch_llm,1
batch_llm,3,23,68.9396152143266,batch_llm,1
batch_llm,3,24,52.34554986947997,batch_llm,0
batch_llm,3,25,45.6449494320233,batch_llm,1
batch_llm,3,26,64.89519997453326,batch_llm,0
batch_llm,3,27,82.33865398393334,batch_llm,0
batch_llm,3,28,84.66202183226662,batch_llm,0
batch_llm,3,29,84.12377383513339,batch_llm,0
batch_llm_ucb,3,0,58.41924782513001,bo_fallback_ucb,3
batch_llm_ucb,3,1,74.89729055930668,batch_llm_ucb,0
batch_llm_ucb,3,2,67.9885962113333,batch_llm_ucb,1
batch_llm_ucb,3,3,52.63416413573333,batch_llm_ucb,1
batch_llm_ucb,3,4,20.20998748463666,batch_llm_ucb,0
batch_llm_ucb,3,5,68.53232846517997,batch_llm_ucb,1
batch_llm_ucb,3,6,80.53168068379337,batch_llm_ucb,1
batch_llm_ucb,3,7,54.36690036658008,batch_llm_ucb,0
batch_llm_ucb,3,8,75.91308217272993,batch_llm_ucb,2
batch_llm_ucb,3,9,74.34892694649669,batch_llm_ucb,1
batch_llm_ucb,3,10,67.45691225208672,batch_llm_ucb,1
batch_llm_ucb,3,11,48.14182277256662,batch_llm_ucb,0
batch_llm_ucb,3,12,39.9924078363,batch_llm_ucb,0
batch_llm_ucb,3,13,69.83538975582337,batch_llm_ucb,1
batch_llm_ucb,3,14,62.65682966619995,batch_llm_ucb,0
batch_llm_ucb,3,15,72.50838930480337,batch_llm_ucb,2
batch_llm_ucb,3,16,81.0674101874,batch_llm_ucb,1
batch_llm_ucb,3,17,7.584294897950007,batch_llm_ucb,0
batch_llm_ucb,3,18,71.16590406477673,batch_llm_ucb,1
batch_llm_ucb,3,19,22.42893696423333,batch_llm_ucb,0
batch_llm_ucb,3,20,73.86933500769335,batch_llm_ucb,0
batch_llm_ucb,3,21,11.379215889293333,batch_llm_ucb,0
batch_llm_ucb,3,22,53.5711402234001,batch_llm_ucb,0
batch_llm_ucb,3,23,80.19116270876671,batch_llm_ucb,2
batch_llm_ucb,3,24,44.728831318989975,batch_llm_ucb,0
batch_llm_ucb,3,25,74.56333378579005,batch_llm_ucb,0
batch_llm_ucb,3,26,56.82758511906003,batch_llm_ucb,0
batch_llm_ucb,3,27,69.25564664274334,batch_llm_ucb,1
batch_llm_ucb,3,28,68.34000508116998,batch_llm_ucb,1
batch_llm_ucb,3,29,57.79827753383333,batch_llm_ucb,1
bo_puro,4,0,71.3024446354067,bo_puro,0
bo_puro,4,1,67.70833486251331,bo_puro,0
bo_puro,4,2,70.42819125084995,bo_puro,0
bo_puro,4,3,44.71596677901332,bo_puro,0
bo_puro,4,4,70.67693323908658,bo_puro,0
bo_puro,4,5,65.89484596800337,bo_puro,0
bo_puro,4,6,73.02550499134985,bo_puro,0
bo_puro,4,7,70.21019791401,bo_puro,0
bo_puro,4,8,24.125553403540003,bo_puro,0
bo_puro,4,9,25.68854971416664,bo_puro,0
bo_puro,4,10,67.18783863611661,bo_puro,0
bo_puro,4,11,74.79188481006652,bo_puro,0
bo_puro,4,12,38.57904767559332,bo_puro,0
bo_puro,4,13,71.56618592570662,bo_puro,0
bo_puro,4,14,77.87926806185322,bo_puro,0
bo_puro,4,15,77.87270842754984,bo_puro,0
bo_puro,4,16,65.54804064926334,bo_puro,0
bo_puro,4,17,55.894764629593325,bo_puro,0
bo_puro,4,18,68.94009534395322,bo_puro,0
bo_puro,4,19,72.99325721743324,bo_puro,0
bo_puro,4,20,79.03331899518646,bo_puro,0
bo_puro,4,21,67.9335000146766,bo_puro,0
bo_puro,4,22,69.28757572043662,bo_puro,0
bo_puro,4,23,56.86789592858339,bo_puro,0
bo_puro,4,24,35.891124699383305,bo_puro,0
bo_puro,4,25,83.82968412783308,bo_puro,0
bo_puro,4,26,76.75714253996654,bo_puro,0
bo_puro,4,27,71.69804263146666,bo_puro,0
bo_puro,4,28,84.36861347946629,bo_puro,0
bo_puro,4,29,70.09736687410978,bo_puro,0
bo_puro_ucb,4,0,70.95478395231004,bo_puro_ucb,0
bo_puro_ucb,4,1,76.59020291390333,bo_puro_ucb,0
bo_puro_ucb,4,2,60.94965930535334,bo_puro_ucb,0
bo_puro_ucb,4,3,63.59149879737665,bo_puro_ucb,0
bo_puro_ucb,4,4,57.32308303343335,bo_puro_ucb,0
bo_puro_ucb,4,5,56.67501178534338,bo_puro_ucb,0
bo_puro_ucb,4,6,70.53045986586339,bo_puro_ucb,0
bo_puro_ucb,4,7,35.99311805452666,bo_puro_ucb,0
bo_puro_ucb,4,8,79.78017608082656,bo_puro_ucb,0
bo_puro_ucb,4,9,47.96122119710332,bo_puro_ucb,0
bo_puro_ucb,4,10,60.252311180883325,bo_puro_ucb,0
bo_puro_ucb,4,11,34.629411803673335,bo_puro_ucb,0
bo_puro_ucb,4,12,32.75085171463998,bo_puro_ucb,0
bo_puro_ucb,4,13,55.06331455672673,bo_puro_ucb,0
bo_puro_ucb,4,14,60.89035782329334,bo_puro_ucb,0
bo_puro_ucb,4,15,32.65459319655334,bo_puro_ucb,0
bo_puro_ucb,4,16,28.63357526475666,bo_puro_ucb,0
bo_puro_ucb,4,17,77.68099294932328,bo_puro_ucb,0
bo_puro_ucb,4,18,76.83504061418991,bo_puro_ucb,0
bo_puro_ucb,4,19,69.15680501665997,bo_puro_ucb,0
bo_puro_ucb,4,20,33.89397654053666,bo_puro_ucb,0
bo_puro_ucb,4,21,73.45564107005664,bo_puro_ucb,0
bo_puro_ucb,4,22,79.61712887558657,bo_puro_ucb,0
bo_puro_ucb,4,23,65.81940078319337,bo_puro_ucb,0
bo_puro_ucb,4,24,68.62880117264,bo_puro_ucb,0
bo_puro_ucb,4,25,72.96851034688659,bo_puro_ucb,0
bo_puro_ucb,4,26,24.099682239383355,bo_puro_ucb,0
bo_puro_ucb,4,27,78.49056512186664,bo_puro_ucb,0
bo_puro_ucb,4,28,73.46496466092334,bo_puro_ucb,0
bo_puro_ucb,4,29,76.67536244859653,bo_puro_ucb,0
multiagente,4,0,71.3024446354067,multiagent,0
multiagente,4,1,67.06032011986,multiagent,0
multiagente,4,2,71.86604166788656,multiagent,0
multiagente,4,3,55.68958444199336,multiagent,0
multiagente,4,4,66.82518520587003,multiagent,0
multiagente,4,5,77.69324445844339,multiagent,0
multiagente,4,6,75.98505671987671,multiagent,0
multiagente,4,7,75.41115413536004,multiagent,1
multiagente,4,8,77.5006537951667,multiagent,0
multiagente,4,9,39.34461800493335,multiagent,2
multiagente,4,10,73.42752723148332,multiagent,0
multiagente,4,11,78.5696084939066,multiagent,0
multiagente,4,12,63.105382409610016,multiagent,1
multiagente,4,13,81.99538533968996,multiagent,0
multiagente,4,14,40.296595351393336,multiagent,1
multiagente,4,15,2.4885077630900008,multiagent,0
multiagente,4,16,82.95358036919993,multiagent,0
multiagente,4,17,77.24585770780673,multiagent,0
multiagente,4,18,69.77440153316329,multiagent,0
multiagente,4,19,67.69997858001663,multiagent,0
multiagente,4,20,55.28819132603666,multiagent,0
multiagente,4,21,72.77616598601338,multiagent,0
multiagente,4,22,74.03203825011,multiagent,0
multiagente,4,23,76.69905262445333,multiagent,0
multiagente,4,24,68.80870483230005,multiagent,0
multiagente,4,25,35.20038847491665,multiagent,0
multiagente,4,26,53.34443408355675,multiagent,0
multiagente,4,27,77.23162494300004,multiagent,1
multiagente,4,28,83.1833227348667,multiagent,0
multiagente,4,29,50.882750586849966,multiagent,0
multiagente_ucb,4,0,71.29469482514666,multiagente_ucb,0
multiagente_ucb,4,1,62.46699997360328,multiagente_ucb,0
multiagente_ucb,4,2,67.45235797979328,multiagente_ucb,0
multiagente_ucb,4,3,72.82059805582,multiagente_ucb,1
multiagente_ucb,4,4,44.84681753630668,multiagente_ucb,0
multiagente_ucb,4,5,66.86145887289999,multiagente_ucb,0
multiagente_ucb,4,6,31.965262343123356,multiagente_ucb,1
multiagente_ucb,4,7,67.36676828423997,multiagente_ucb,0
multiagente_ucb,4,8,68.16763541923008,multiagente_ucb,2
multiagente_ucb,4,9,6.540764193933334,multiagente_ucb,0
multiagente_ucb,4,10,53.46486589075003,multiagente_ucb,0
multiagente_ucb,4,11,71.77592068677,multiagente_ucb,2
multiagente_ucb,4,12,66.90002993573329,multiagente_ucb,0
multiagente_ucb,4,13,59.62752095060333,multiagente_ucb,1
multiagente_ucb,4,14,77.97637459171654,multiagente_ucb,0
multiagente_ucb,4,15,72.20709358246988,multiagente_ucb,0
multiagente_ucb,4,16,25.78160855385667,multiagente_ucb,0
multiagente_ucb,4,17,73.90357679453324,multiagente_ucb,0
multiagente_ucb,4,18,77.27408336603324,multiagente_ucb,1
multiagente_ucb,4,19,37.282980814880005,multiagente_ucb,1
multiagente_ucb,4,20,70.75506363659662,multiagente_ucb,0
multiagente_ucb,4,21,34.878412329250025,multiagente_ucb,0
multiagente_ucb,4,22,77.30341519659649,multiagente_ucb,1
multiagente_ucb,4,23,70.42407369372336,multiagente_ucb,1
multiagente_ucb,4,24,74.01454417139651,multiagente_ucb,2
multiagente_ucb,4,25,72.76094538269332,bo_fallback_ucb,3
multiagente_ucb,4,26,73.25955113034995,multiagente_ucb,1
multiagente_ucb,4,27,81.02235533723314,multiagente_ucb,2
multiagente_ucb,4,28,22.407888648430003,multiagente_ucb,0
multiagente_ucb,4,29,4.128286086606668,multiagente_ucb,0
batch_llm,4,0,71.06470924122,batch_llm,0
batch_llm,4,1,76.41877523252998,batch_llm,0
batch_llm,4,2,66.04875853416334,batch_llm,0
batch_llm,4,3,75.68790382809003,batch_llm,0
batch_llm,4,4,70.00862354837336,batch_llm,1
batch_llm,4,5,49.05379213871999,batch_llm,1
batch_llm,4,6,75.50389805713996,batch_llm,0
batch_llm,4,7,72.5761178949666,batch_llm,0
batch_llm,4,8,30.444223489136643,batch_llm,0
batch_llm,4,9,55.53606266640002,batch_llm,0
batch_llm,4,10,58.722853919923374,batch_llm,0
batch_llm,4,11,73.88288787932332,batch_llm,0
batch_llm,4,12,70.84330827906663,batch_llm,1
batch_llm,4,13,73.67303539025997,batch_llm,1
batch_llm,4,14,40.796375177113305,batch_llm,0
batch_llm,4,15,64.54400519604336,batch_llm,0
batch_llm,4,16,62.81741042746,batch_llm,0
batch_llm,4,17,79.58211126249996,batch_llm,0
batch_llm,4,18,72.41700582844999,batch_llm,0
batch_llm,4,19,81.81750243954644,batch_llm,0
batch_llm,4,20,81.54756177729986,batch_llm,1
batch_llm,4,21,81.37973578327646,batch_llm,1
batch_llm,4,22,74.84674428973321,batch_llm,1
batch_llm,4,23,76.89615141223325,batch_llm,1
batch_llm,4,24,78.37455098287666,batch_llm,2
batch_llm,4,25,78.83202195322986,bo_fallback,3
batch_llm,4,26,30.483491097786683,batch_llm,1
batch_llm,4,27,84.4988278783997,batch_llm,2
batch_llm,4,28,62.65874452269998,batch_llm,1
batch_llm,4,29,73.61611038473647,batch_llm,1
batch_llm_ucb,4,0,72.05796224194326,batch_llm_ucb,0
batch_llm_ucb,4,1,52.47694020517666,batch_llm_ucb,0
batch_llm_ucb,4,2,25.22762420580334,batch_llm_ucb,0
batch_llm_ucb,4,3,66.64539676915665,batch_llm_ucb,1
batch_llm_ucb,4,4,76.34986173456336,batch_llm_ucb,0
batch_llm_ucb,4,5,33.80655809562332,batch_llm_ucb,1
batch_llm_ucb,4,6,75.13425555238994,batch_llm_ucb,1
batch_llm_ucb,4,7,68.54767801513664,batch_llm_ucb,1
batch_llm_ucb,4,8,74.41907592441994,batch_llm_ucb,0
batch_llm_ucb,4,9,57.64757268504333,batch_llm_ucb,0
batch_llm_ucb,4,10,9.479343502323337,batch_llm_ucb,0
batch_llm_ucb,4,11,32.75735712266664,batch_llm_ucb,0
batch_llm_ucb,4,12,82.26687269457327,batch_llm_ucb,0
batch_llm_ucb,4,13,71.25793987893998,batch_llm_ucb,2
batch_llm_ucb,4,14,46.130182753233285,batch_llm_ucb,0
batch_llm_ucb,4,15,75.52372405554995,batch_llm_ucb,1
batch_llm_ucb,4,16,81.51581261503657,batch_llm_ucb,1
batch_llm_ucb,4,17,81.61949341811314,batch_llm_ucb,0
batch_llm_ucb,4,18,82.12545487524001,batch_llm_ucb,2
batch_llm_ucb,4,19,28.548039773926703,batch_llm_ucb,1
batch_llm_ucb,4,20,74.44096323984,batch_llm_ucb,1
batch_llm_ucb,4,21,35.648136504670006,batch_llm_ucb,0
batch_llm_ucb,4,22,82.00116395157325,batch_llm_ucb,1
batch_llm_ucb,4,23,80.99471071464653,batch_llm_ucb,1
batch_llm_ucb,4,24,81.70182598353323,batch_llm_ucb,1
batch_llm_ucb,4,25,82.68177960446992,batch_llm_ucb,2
batch_llm_ucb,4,26,70.93781272231668,batch_llm_ucb,0
batch_llm_ucb,4,27,84.52726166256637,batch_llm_ucb,0
batch_llm_ucb,4,28,76.04446781006668,batch_llm_ucb,0
batch_llm_ucb,4,29,77.83480414228326,batch_llm_ucb,1
bo_puro,5,0,74.60672850917665,bo_puro,0
bo_puro,5,1,71.94007761479675,bo_puro,0
bo_puro,5,2,68.33641408610998,bo_puro,0
bo_puro,5,3,70.94300565900332,bo_puro,0
bo_puro,5,4,71.53737684289997,bo_puro,0
bo_puro,5,5,81.60731920913338,bo_puro,0
bo_puro,5,6,79.94028659358996,bo_puro,0
bo_puro,5,7,78.90217839563343,bo_puro,0
bo_puro,5,8,67.08550632649009,bo_puro,0
bo_puro,5,9,83.44928487193337,bo_puro,0
bo_puro,5,10,83.06854749969996,bo_puro,0
bo_puro,5,11,84.4592978085333,bo_puro,0
bo_puro,5,12,77.96401711803001,bo_puro,0
bo_puro,5,13,37.94447270758668,bo_puro,0
bo_puro,5,14,83.21241712373329,bo_puro,0
bo_puro,5,15,9.38153835043,bo_puro,0
bo_puro,5,16,33.21058816318334,bo_puro,0
bo_puro,5,17,8.59177804085,bo_puro,0
bo_puro,5,18,76.46075413047994,bo_puro,0
bo_puro,5,19,78.19862123896996,bo_puro,0
bo_puro,5,20,78.11857166699997,bo_puro,0
bo_puro,5,21,71.47465034596995,bo_puro,0
bo_puro,5,22,84.89657971306669,bo_puro,0
bo_puro,5,23,7.146498405429997,bo_puro,0
bo_puro,5,24,83.55523248036326,bo_puro,0
bo_puro,5,25,77.85865390506667,bo_puro,0
bo_puro,5,26,83.58566423246658,bo_puro,0
bo_puro,5,27,33.54511274545673,bo_puro,0
bo_puro,5,28,79.5228408901666,bo_puro,0
bo_puro,5,29,76.56657026709999,bo_puro,0
bo_puro_ucb,5,0,74.37479632265003,bo_puro_ucb,0
bo_puro_ucb,5,1,81.13636389726666,bo_puro_ucb,0
bo_puro_ucb,5,2,72.99026145119996,bo_puro_ucb,0
bo_puro_ucb,5,3,66.93073197226336,bo_puro_ucb,0
bo_puro_ucb,5,4,83.22544037159999,bo_puro_ucb,0
bo_puro_ucb,5,5,66.93786106149996,bo_puro_ucb,0
bo_puro_ucb,5,6,86.21803501153337,bo_puro_ucb,0
bo_puro_ucb,5,7,77.6508372208867,bo_puro_ucb,0
bo_puro_ucb,5,8,38.24285676030334,bo_puro_ucb,0
bo_puro_ucb,5,9,84.8312186852967,bo_puro_ucb,0
bo_puro_ucb,5,10,71.71240756136676,bo_puro_ucb,0
bo_puro_ucb,5,11,79.90011189196673,bo_puro_ucb,0
bo_puro_ucb,5,12,78.24176400916669,bo_puro_ucb,0
bo_puro_ucb,5,13,75.64257177876668,bo_puro_ucb,0
bo_puro_ucb,5,14,85.09165741066663,bo_puro_ucb,0
bo_puro_ucb,5,15,82.69433685223333,bo_puro_ucb,0
bo_puro_ucb,5,16,83.68477067806664,bo_puro_ucb,0
bo_puro_ucb,5,17,76.24852678342337,bo_puro_ucb,0
bo_puro_ucb,5,18,31.09595867756665,bo_puro_ucb,0
bo_puro_ucb,5,19,84.78358142529996,bo_puro_ucb,0
bo_puro_ucb,5,20,79.54578113375673,bo_puro_ucb,0
bo_puro_ucb,5,21,83.70053432096667,bo_puro_ucb,0
bo_puro_ucb,5,22,83.57142490153329,bo_puro_ucb,0
bo_puro_ucb,5,23,84.2208735830333,bo_puro_ucb,0
bo_puro_ucb,5,24,84.06322604509995,bo_puro_ucb,0
bo_puro_ucb,5,25,81.78960853159991,bo_puro_ucb,0
bo_puro_ucb,5,26,85.91228731433328,bo_puro_ucb,0
bo_puro_ucb,5,27,77.93455296333325,bo_puro_ucb,0
bo_puro_ucb,5,28,84.60044477116666,bo_puro_ucb,0
bo_puro_ucb,5,29,13.81575135276002,bo_puro_ucb,0
multiagente,5,0,72.74575793861001,multiagent,0
multiagente,5,1,74.35096494239673,multiagent,0
multiagente,5,2,76.42167703252996,multiagent,0
multiagente,5,3,82.92866908893325,multiagent,0
multiagente,5,4,78.02764598116666,multiagent,0
multiagente,5,5,82.47221801773334,multiagent,0
multiagente,5,6,84.59850920696658,multiagent,0
multiagente,5,7,80.07343461302669,multiagent,0
multiagente,5,8,80.91847768442666,multiagent,2
multiagente,5,9,84.6696955350999,multiagent,0
multiagente,5,10,84.09242989966654,multiagent,0
multiagente,5,11,72.2954493811667,multiagent,0
multiagente,5,12,80.7293364048267,multiagent,0
multiagente,5,13,84.72638120773334,multiagent,0
multiagente,5,14,85.00622821873333,multiagent,0
multiagente,5,15,85.10430591893325,multiagent,0
multiagente,5,16,89.04850545836665,multiagent,1
multiagente,5,17,44.41467261529335,multiagent,1
multiagente,5,18,70.32297547760004,multiagent,0
multiagente,5,19,86.1607607842333,multiagent,0
multiagente,5,20,61.46859357783335,multiagent,2
multiagente,5,21,71.50018656226669,multiagent,0
multiagente,5,22,80.69053409912989,multiagent,0
multiagente,5,23,79.50989888022669,multiagent,0
multiagente,5,24,86.49946701330002,multiagent,0
multiagente,5,25,76.01307440923333,multiagent,0
multiagente,5,26,85.21470606289661,multiagent,0
multiagente,5,27,86.13705973492998,multiagent,0
multiagente,5,28,60.85393595216669,multiagent,0
multiagente,5,29,27.782165212813368,multiagent,0
multiagente_ucb,5,0,73.72893127165004,multiagente_ucb,0
multiagente_ucb,5,1,76.51423733549,multiagente_ucb,0
multiagente_ucb,5,2,71.29536655497662,multiagente_ucb,1
multiagente_ucb,5,3,71.05733189993333,multiagente_ucb,0
multiagente_ucb,5,4,6.569440743359997,multiagente_ucb,0
multiagente_ucb,5,5,70.77304996051338,multiagente_ucb,0
multiagente_ucb,5,6,61.00316329475672,multiagente_ucb,0
multiagente_ucb,5,7,70.91914977685667,multiagente_ucb,1
multiagente_ucb,5,8,8.115599461406665,multiagente_ucb,0
multiagente_ucb,5,9,70.4614134497733,multiagente_ucb,1
multiagente_ucb,5,10,72.82680488780008,multiagente_ucb,0
multiagente_ucb,5,11,77.17054676626672,multiagente_ucb,2
multiagente_ucb,5,12,79.90368034616664,multiagente_ucb,1
multiagente_ucb,5,13,78.43305815800007,multiagente_ucb,0
multiagente_ucb,5,14,81.74362503653327,multiagente_ucb,0
multiagente_ucb,5,15,80.41242355459997,multiagente_ucb,1
multiagente_ucb,5,16,71.28548284053345,multiagente_ucb,0
multiagente_ucb,5,17,60.10885836526673,multiagente_ucb,0
multiagente_ucb,5,18,70.83868507376665,multiagente_ucb,0
multiagente_ucb,5,19,83.26331442916664,multiagente_ucb,0
multiagente_ucb,5,20,82.07735341263326,multiagente_ucb,0
multiagente_ucb,5,21,29.549897129549983,multiagente_ucb,1
multiagente_ucb,5,22,62.26003574702671,multiagente_ucb,0
multiagente_ucb,5,23,76.27812663450008,multiagente_ucb,2
multiagente_ucb,5,24,81.61717224830015,multiagente_ucb,0
multiagente_ucb,5,25,84.48199165969989,multiagente_ucb,0
multiagente_ucb,5,26,83.1202922198,multiagente_ucb,2
multiagente_ucb,5,27,57.36224899190672,multiagente_ucb,0
multiagente_ucb,5,28,82.10028756363326,multiagente_ucb,1
multiagente_ucb,5,29,79.3636561162,multiagente_ucb,0
batch_llm,5,0,76.99489643252667,batch_llm,0
batch_llm,5,1,42.04416582555669,batch_llm,0
batch_llm,5,2,71.93024789589995,batch_llm,0
batch_llm,5,3,66.83187697626673,batch_llm,1
batch_llm,5,4,74.52532738730002,batch_llm,1
batch_llm,5,5,1.21817426467,batch_llm,0
batch_llm,5,6,62.35161994013329,batch_llm,0
batch_llm,5,7,67.68736343277997,batch_llm,0
batch_llm,5,8,65.55451859266672,batch_llm,0
batch_llm,5,9,71.86902281619,batch_llm,1
batch_llm,5,10,86.07586336653341,batch_llm,0
batch_llm,5,11,5.499868689706664,batch_llm,0
batch_llm,5,12,82.25228130204336,batch_llm,0
batch_llm,5,13,76.99787454059336,batch_llm,0
batch_llm,5,14,51.8333717574433,batch_llm,1
batch_llm,5,15,80.18748847710002,batch_llm,0
batch_llm,5,16,76.71777539070331,batch_llm,1
batch_llm,5,17,75.66130326022994,batch_llm,1
batch_llm,5,18,71.35760266470326,batch_llm,0
batch_llm,5,19,73.95815584821666,batch_llm,1
batch_llm,5,20,80.04537162574007,batch_llm,1
batch_llm,5,21,82.15270742958329,batch_llm,0
batch_llm,5,22,53.27218916616004,batch_llm,0
batch_llm,5,23,63.30048022293332,batch_llm,0
batch_llm,5,24,71.36715884177669,batch_llm,1
batch_llm,5,25,85.42909069375322,batch_llm,0
batch_llm,5,26,87.24625035283333,batch_llm,1
batch_llm,5,27,77.97501906209338,batch_llm,0
batch_llm,5,28,63.81732426236668,batch_llm,0
batch_llm,5,29,53.47746387657661,batch_llm,0
batch_llm_ucb,5,0,69.2717766509067,batch_llm_ucb,0
batch_llm_ucb,5,1,67.79654716643667,batch_llm_ucb,0
batch_llm_ucb,5,2,70.19062748755658,batch_llm_ucb,1
batch_llm_ucb,5,3,70.95554783150997,batch_llm_ucb,1
batch_llm_ucb,5,4,66.57376321915336,batch_llm_ucb,1
batch_llm_ucb,5,5,70.41890939779665,batch_llm_ucb,1
batch_llm_ucb,5,6,72.13942344803004,batch_llm_ucb,0
batch_llm_ucb,5,7,66.08257223562998,batch_llm_ucb,1
batch_llm_ucb,5,8,72.51330506899,batch_llm_ucb,1
batch_llm_ucb,5,9,79.13029163746677,batch_llm_ucb,1
batch_llm_ucb,5,10,73.90400818529005,batch_llm_ucb,1
batch_llm_ucb,5,11,65.0834864343833,batch_llm_ucb,0
batch_llm_ucb,5,12,74.62194799126671,batch_llm_ucb,1
batch_llm_ucb,5,13,68.37447727528671,batch_llm_ucb,0
batch_llm_ucb,5,14,30.563425473466665,batch_llm_ucb,0
batch_llm_ucb,5,15,69.52519910180335,batch_llm_ucb,1
batch_llm_ucb,5,16,65.99553440806667,batch_llm_ucb,1
batch_llm_ucb,5,17,64.88076794647667,batch_llm_ucb,2
batch_llm_ucb,5,18,41.206425178990045,batch_llm_ucb,0
batch_llm_ucb,5,19,76.47976491507004,batch_llm_ucb,1
batch_llm_ucb,5,20,73.03199606616673,batch_llm_ucb,0
batch_llm_ucb,5,21,72.08720812449,batch_llm_ucb,1
batch_llm_ucb,5,22,80.9386163693334,batch_llm_ucb,1
batch_llm_ucb,5,23,47.85904738552334,batch_llm_ucb,1
batch_llm_ucb,5,24,57.75562433774001,batch_llm_ucb,2
batch_llm_ucb,5,25,74.2646485723667,batch_llm_ucb,0
batch_llm_ucb,5,26,32.2076530021867,batch_llm_ucb,0
batch_llm_ucb,5,27,74.26515169656668,batch_llm_ucb,0
batch_llm_ucb,5,28,71.78493484266667,batch_llm_ucb,2
batch_llm_ucb,5,29,72.26436287880006,batch_llm_ucb,0
bo_puro,6,0,63.414004929166765,bo_puro,0
bo_puro,6,1,71.82452771547666,bo_puro,0
bo_puro,6,2,19.43010204250999,bo_puro,0
bo_puro,6,3,78.57078941233333,bo_puro,0
bo_puro,6,4,73.62764045434675,bo_puro,0
bo_puro,6,5,68.58372188863675,bo_puro,0
bo_puro,6,6,42.05718057426334,bo_puro,0
bo_puro,6,7,79.82087358746011,bo_puro,0
bo_puro,6,8,36.968639352083336,bo_puro,0
bo_puro,6,9,75.70930872971326,bo_puro,0
bo_puro,6,10,50.08847755158001,bo_puro,0
bo_puro,6,11,77.18623234080341,bo_puro,0
bo_puro,6,12,69.0494497208666,bo_puro,0
bo_puro,6,13,87.36581943406675,bo_puro,0
bo_puro,6,14,53.16596084268336,bo_puro,0
bo_puro,6,15,80.85434370644673,bo_puro,0
bo_puro,6,16,8.331102470703335,bo_puro,0
bo_puro,6,17,89.09687873946672,bo_puro,0
bo_puro,6,18,89.56949827666675,bo_puro,0
bo_puro,6,19,54.60356568129671,bo_puro,0
bo_puro,6,20,87.85193608143342,bo_puro,0
bo_puro,6,21,28.57912108878,bo_puro,0
bo_puro,6,22,52.962071513483366,bo_puro,0
bo_puro,6,23,76.18660771924006,bo_puro,0
bo_puro,6,24,76.80674704780664,bo_puro,0
bo_puro,6,25,79.20628675480006,bo_puro,0
bo_puro,6,26,88.4818364559834,bo_puro,0
bo_puro,6,27,31.618728341750025,bo_puro,0
bo_puro,6,28,79.52825477527345,bo_puro,0
bo_puro,6,29,88.45868753471672,bo_puro,0
bo_puro_ucb,6,0,32.02646608280002,bo_puro_ucb,0
bo_puro_ucb,6,1,54.06310397751334,bo_puro_ucb,0
bo_puro_ucb,6,2,63.21005681109671,bo_puro_ucb,0
bo_puro_ucb,6,3,52.270339377903376,bo_puro_ucb,0
bo_puro_ucb,6,4,69.27274975029331,bo_puro_ucb,0
bo_puro_ucb,6,5,71.58277684626674,bo_puro_ucb,0
bo_puro_ucb,6,6,36.82326504396336,bo_puro_ucb,0
bo_puro_ucb,6,7,69.43724106066335,bo_puro_ucb,0
bo_puro_ucb,6,8,75.05245222207334,bo_puro_ucb,0
bo_puro_ucb,6,9,31.32507151657001,bo_puro_ucb,0
bo_puro_ucb,6,10,66.47583257052999,bo_puro_ucb,0
bo_puro_ucb,6,11,28.784630127033346,bo_puro_ucb,0
bo_puro_ucb,6,12,72.56619145613335,bo_puro_ucb,0
bo_puro_ucb,6,13,70.13819027113334,bo_puro_ucb,0
bo_puro_ucb,6,14,80.52481648074996,bo_puro_ucb,0
bo_puro_ucb,6,15,41.45833119643327,bo_puro_ucb,0
bo_puro_ucb,6,16,54.16291551426663,bo_puro_ucb,0
bo_puro_ucb,6,17,74.54494295154343,bo_puro_ucb,0
bo_puro_ucb,6,18,64.0498188773467,bo_puro_ucb,0
bo_puro_ucb,6,19,74.65205492655332,bo_puro_ucb,0
bo_puro_ucb,6,20,82.42519499768986,bo_puro_ucb,0
bo_puro_ucb,6,21,83.24110488106655,bo_puro_ucb,0
bo_puro_ucb,6,22,70.93699359381337,bo_puro_ucb,0
bo_puro_ucb,6,23,72.97542405328332,bo_puro_ucb,0
bo_puro_ucb,6,24,69.68368447622666,bo_puro_ucb,0
bo_puro_ucb,6,25,76.10978306418669,bo_puro_ucb,0
bo_puro_ucb,6,26,62.06052155994004,bo_puro_ucb,0
bo_puro_ucb,6,27,68.00565231636669,bo_puro_ucb,0
bo_puro_ucb,6,28,31.76053962557001,bo_puro_ucb,0
bo_puro_ucb,6,29,80.62963639776657,bo_puro_ucb,0
multiagente,6,0,63.414004929166765,multiagent,0
multiagente,6,1,77.85089632060993,multiagent,0
multiagente,6,2,36.36581787706331,multiagent,0
multiagente,6,3,71.08526235607673,multiagent,0
multiagente,6,4,73.77934432399665,multiagent,0
multiagente,6,5,74.8468955247666,multiagent,1
multiagente,6,6,75.9604425473567,multiagent,1
multiagente,6,7,69.32140243715666,multiagent,0
multiagente,6,8,44.87339796347336,multiagent,0
multiagente,6,9,52.58211584735663,multiagent,0
multiagente,6,10,67.90025412303002,multiagent,0
multiagente,6,11,81.19368024706671,multiagent,0
multiagente,6,12,82.01089742716661,multiagent,0
multiagente,6,13,61.607685179283386,multiagent,1
multiagente,6,14,10.622386149546662,multiagent,0
multiagente,6,15,75.4846746183133,multiagent,0
multiagente,6,16,79.70348680361658,multiagent,0
multiagente,6,17,75.4300068765767,multiagent,1
multiagente,6,18,82.02529571660006,multiagent,0
multiagente,6,19,76.34679074904003,multiagent,1
multiagente,6,20,82.82558804362327,multiagent,1
multiagente,6,21,71.20121614128335,multiagent,1
multiagente,6,22,56.56959617928004,multiagent,1
multiagente,6,23,28.324866940470027,multiagent,0
multiagente,6,24,52.6681699648334,multiagent,0
multiagente,6,25,50.88976543070003,multiagent,0
multiagente,6,26,87.58461218149999,multiagent,2
multiagente,6,27,84.3104840707666,multiagent,0
multiagente,6,28,81.96935930790661,multiagent,2
multiagente,6,29,80.38799024576669,multiagent,1
multiagente_ucb,6,0,31.664624099676686,multiagente_ucb,0
multiagente_ucb,6,1,83.00027270593347,multiagente_ucb,0
multiagente_ucb,6,2,80.00614255296672,multiagente_ucb,0
multiagente_ucb,6,3,82.62053159836674,multiagente_ucb,0
multiagente_ucb,6,4,23.31450023517,multiagente_ucb,0
multiagente_ucb,6,5,31.801970614446667,multiagente_ucb,0
multiagente_ucb,6,6,85.81415710873338,multiagente_ucb,0
multiagente_ucb,6,7,73.61852232991006,multiagente_ucb,0
multiagente_ucb,6,8,85.22006799993346,multiagente_ucb,0
multiagente_ucb,6,9,61.81245830446004,multiagente_ucb,0
multiagente_ucb,6,10,41.96023434197001,multiagente_ucb,1
multiagente_ucb,6,11,84.14405208870014,multiagente_ucb,1
multiagente_ucb,6,12,89.5818051609001,multiagente_ucb,1
multiagente_ucb,6,13,16.90409408703667,multiagente_ucb,0
multiagente_ucb,6,14,66.47026950509999,multiagente_ucb,0
multiagente_ucb,6,15,11.056655949556673,multiagente_ucb,0
multiagente_ucb,6,16,89.96039013920003,multiagente_ucb,1
multiagente_ucb,6,17,87.48358079400006,multiagente_ucb,2
multiagente_ucb,6,18,82.22056325759996,multiagente_ucb,0
multiagente_ucb,6,19,87.2942084804334,multiagente_ucb,0
multiagente_ucb,6,20,45.144241452983344,multiagente_ucb,0
multiagente_ucb,6,21,74.67084791679333,multiagente_ucb,0
multiagente_ucb,6,22,78.31758258009337,multiagente_ucb,1
multiagente_ucb,6,23,61.080103276506655,multiagente_ucb,2
multiagente_ucb,6,24,87.33373257156676,multiagente_ucb,1
multiagente_ucb,6,25,38.47542191566664,multiagente_ucb,0
multiagente_ucb,6,26,86.42283349106678,multiagente_ucb,0
multiagente_ucb,6,27,22.49537487995004,multiagente_ucb,0
multiagente_ucb,6,28,43.93834821803328,multiagente_ucb,0
multiagente_ucb,6,29,43.37187349336664,multiagente_ucb,0
batch_llm,6,0,31.69348257772002,batch_llm,0
batch_llm,6,1,45.5328950482233,batch_llm,0
batch_llm,6,2,37.24333429588,batch_llm,0
batch_llm,6,3,74.23158250878674,batch_llm,0
batch_llm,6,4,37.742668139863326,batch_llm,1
batch_llm,6,5,73.93469125408001,batch_llm,0
batch_llm,6,6,27.099951316106672,batch_llm,0
batch_llm,6,7,63.79304680902009,batch_llm,0
batch_llm,6,8,82.51980785308001,batch_llm,1
batch_llm,6,9,40.363786650866686,batch_llm,0
batch_llm,6,10,58.24226710409998,batch_llm,0
batch_llm,6,11,90.1240916211,batch_llm,0
batch_llm,6,12,79.57661685793998,batch_llm,0
batch_llm,6,13,53.84603987172338,batch_llm,0
batch_llm,6,14,15.641917618486673,batch_llm,0
batch_llm,6,15,58.89469300823667,batch_llm,0
batch_llm,6,16,32.07480174302338,batch_llm,0
batch_llm,6,17,80.79946634899667,batch_llm,1
batch_llm,6,18,76.25229268439665,batch_llm,0
batch_llm,6,19,79.53217077501672,batch_llm,0
batch_llm,6,20,37.74598669088339,batch_llm,0
batch_llm,6,21,68.36051395567344,batch_llm,0
batch_llm,6,22,89.94869818983337,batch_llm,0
batch_llm,6,23,38.47797982820003,batch_llm,0
batch_llm,6,24,90.2323551381334,batch_llm,0
batch_llm,6,25,71.78314725253333,batch_llm,1
batch_llm,6,26,72.30314565046662,batch_llm,0
batch_llm,6,27,51.27181140320669,batch_llm,0
batch_llm,6,28,27.298855880496664,batch_llm,0
batch_llm,6,29,89.02950998553335,batch_llm,0
batch_llm_ucb,6,0,30.533768254543368,batch_llm_ucb,0
batch_llm_ucb,6,1,63.74561329871346,batch_llm_ucb,0
batch_llm_ucb,6,2,50.5024124207867,batch_llm_ucb,0
batch_llm_ucb,6,3,78.34319956432671,batch_llm_ucb,0
batch_llm_ucb,6,4,76.36563913823667,batch_llm_ucb,2
batch_llm_ucb,6,5,54.24930325521005,batch_llm_ucb,0
batch_llm_ucb,6,6,79.31439618246344,batch_llm_ucb,1
batch_llm_ucb,6,7,31.579548447663363,batch_llm_ucb,0
batch_llm_ucb,6,8,53.75238606035334,batch_llm_ucb,0
batch_llm_ucb,6,9,77.05218418566673,batch_llm_ucb,1
batch_llm_ucb,6,10,28.850877034816666,batch_llm_ucb,0
batch_llm_ucb,6,11,20.314964258063345,batch_llm_ucb,0
batch_llm_ucb,6,12,67.78812294852669,batch_llm_ucb,1
batch_llm_ucb,6,13,55.6186066118,batch_llm_ucb,0
batch_llm_ucb,6,14,73.25189768303674,batch_llm_ucb,1
batch_llm_ucb,6,15,74.19911473001666,batch_llm_ucb,0
batch_llm_ucb,6,16,76.6121234910534,batch_llm_ucb,1
batch_llm_ucb,6,17,56.84648393173337,batch_llm_ucb,1
batch_llm_ucb,6,18,75.49029145332669,batch_llm_ucb,1
batch_llm_ucb,6,19,58.7111816967567,batch_llm_ucb,1
batch_llm_ucb,6,20,60.61545575654002,batch_llm_ucb,0
batch_llm_ucb,6,21,24.38864232114334,batch_llm_ucb,0
batch_llm_ucb,6,22,53.869071852233326,batch_llm_ucb,0
batch_llm_ucb,6,23,43.46926993612664,batch_llm_ucb,0
batch_llm_ucb,6,24,7.729372804416672,batch_llm_ucb,0
batch_llm_ucb,6,25,77.72467875966666,batch_llm_ucb,1
batch_llm_ucb,6,26,78.59016601718673,batch_llm_ucb,1
batch_llm_ucb,6,27,66.85765532400336,batch_llm_ucb,1
batch_llm_ucb,6,28,67.97425010069009,batch_llm_ucb,1
batch_llm_ucb,6,29,76.94342256732006,batch_llm_ucb,1
bo_puro,7,0,68.33996503093664,bo_puro,0
bo_puro,7,1,43.73301373950994,bo_puro,0
bo_puro,7,2,84.27245919723323,bo_puro,0
bo_puro,7,3,77.21241135190992,bo_puro,0
bo_puro,7,4,44.600823678799934,bo_puro,0
bo_puro,7,5,86.71810108956667,bo_puro,0
bo_puro,7,6,79.56254700799991,bo_puro,0
bo_puro,7,7,54.569752455166615,bo_puro,0
bo_puro,7,8,66.22852414790003,bo_puro,0
bo_puro,7,9,58.38767233543332,bo_puro,0
bo_puro,7,10,86.00797846186673,bo_puro,0
bo_puro,7,11,86.88393847763334,bo_puro,0
bo_puro,7,12,80.69221785339997,bo_puro,0
bo_puro,7,13,88.31851901163348,bo_puro,0
bo_puro,7,14,88.39105631489991,bo_puro,0
bo_puro,7,15,88.96641828373343,bo_puro,0
bo_puro,7,16,86.65094223140014,bo_puro,0
bo_puro,7,17,89.0803525007667,bo_puro,0
bo_puro,7,18,58.766637341109984,bo_puro,0
bo_puro,7,19,49.81009239377671,bo_puro,0
bo_puro,7,20,87.73493681650007,bo_puro,0
bo_puro,7,21,87.89464206253346,bo_puro,0
bo_puro,7,22,88.47287016883328,bo_puro,0
bo_puro,7,23,86.6818765470668,bo_puro,0
bo_puro,7,24,88.98860427916674,bo_puro,0
bo_puro,7,25,46.69463096422335,bo_puro,0
bo_puro,7,26,87.67776076713326,bo_puro,0
bo_puro,7,27,77.03987553507001,bo_puro,0
bo_puro,7,28,87.71791404623345,bo_puro,0
bo_puro,7,29,88.05255305196677,bo_puro,0
bo_puro_ucb,7,0,69.41244209045672,bo_puro_ucb,0
bo_puro_ucb,7,1,37.79966366359002,bo_puro_ucb,0
bo_puro_ucb,7,2,31.728769725813343,bo_puro_ucb,0
bo_puro_ucb,7,3,42.31662701253996,bo_puro_ucb,0
bo_puro_ucb,7,4,54.71910496919987,bo_puro_ucb,0
bo_puro_ucb,7,5,32.26394166477331,bo_puro_ucb,0
bo_puro_ucb,7,6,24.85375601286,bo_puro_ucb,0
bo_puro_ucb,7,7,78.46932973404336,bo_puro_ucb,0
bo_puro_ucb,7,8,36.72128933522668,bo_puro_ucb,0
bo_puro_ucb,7,9,22.974411218379963,bo_puro_ucb,0
bo_puro_ucb,7,10,29.386492583176665,bo_puro_ucb,0
bo_puro_ucb,7,11,69.77383840828003,bo_puro_ucb,0
bo_puro_ucb,7,12,44.69231212230992,bo_puro_ucb,0
bo_puro_ucb,7,13,79.37197021959338,bo_puro_ucb,0
bo_puro_ucb,7,14,84.34748052966665,bo_puro_ucb,0
bo_puro_ucb,7,15,49.1808257167333,bo_puro_ucb,0
bo_puro_ucb,7,16,80.87203511056656,bo_puro_ucb,0
bo_puro_ucb,7,17,60.04119315766668,bo_puro_ucb,0
bo_puro_ucb,7,18,78.85409277443337,bo_puro_ucb,0
bo_puro_ucb,7,19,79.10481061413316,bo_puro_ucb,0
bo_puro_ucb,7,20,44.98016254441662,bo_puro_ucb,0
bo_puro_ucb,7,21,79.36557405213328,bo_puro_ucb,0
bo_puro_ucb,7,22,78.6121011664333,bo_puro_ucb,0
bo_puro_ucb,7,23,48.51763750306661,bo_puro_ucb,0
bo_puro_ucb,7,24,75.8312504809666,bo_puro_ucb,0
bo_puro_ucb,7,25,82.60344808016671,bo_puro_ucb,0
bo_puro_ucb,7,26,82.05395296003327,bo_puro_ucb,0
bo_puro_ucb,7,27,83.77891775233323,bo_puro_ucb,0
bo_puro_ucb,7,28,76.52476285979992,bo_puro_ucb,0
bo_puro_ucb,7,29,72.7409322112333,bo_puro_ucb,0
multiagente,7,0,77.63721027586658,multiagent,1
multiagente,7,1,78.3810759315666,multiagent,2
multiagente,7,2,43.19390163637004,multiagent,2
multiagente,7,3,75.66019832659993,multiagent,1
multiagente,7,4,74.82137938949994,multiagent,2
multiagente,7,5,38.53577137101,bo_fallback,3
multiagente,7,6,79.52185627339998,bo_fallback,3
multiagente,7,7,68.78187083559665,multiagent,1
multiagente,7,8,72.38147077984344,multiagent,1
multiagente,7,9,78.54744358443327,multiagent,0
multiagente,7,10,78.51425516609991,multiagent,1
multiagente,7,11,63.24868570561665,multiagent,1
multiagente,7,12,66.02023525309997,multiagent,0
multiagente,7,13,79.66595226773333,multiagent,1
multiagente,7,14,67.49044139696336,multiagent,1
multiagente,7,15,78.55582515606667,multiagent,1
multiagente,7,16,76.34858364866668,multiagent,2
multiagente,7,17,77.26328788069998,bo_fallback,3
multiagente,7,18,82.07230304453331,bo_fallback,3
multiagente,7,19,63.80263275160336,multiagent,2
multiagente,7,20,68.42454168375002,multiagent,2
multiagente,7,21,72.78968576504002,multiagent,0
multiagente,7,22,78.1753480026,multiagent,2
multiagente,7,23,73.52825195205006,bo_fallback,3
multiagente,7,24,64.70831236167004,multiagent,2
multiagente,7,25,74.42519778111327,bo_fallback,3
multiagente,7,26,79.69255722016665,bo_fallback,3
multiagente,7,27,81.23327612553322,multiagent,1
multiagente,7,28,81.31761540571328,multiagent,2
multiagente,7,29,81.29490908696671,bo_fallback,3
multiagente_ucb,7,0,70.42604710775335,multiagente_ucb,1
multiagente_ucb,7,1,77.04008160817666,multiagente_ucb,2
multiagente_ucb,7,2,44.55070929707329,multiagente_ucb,1
multiagente_ucb,7,3,37.11069230482334,multiagente_ucb,0
multiagente_ucb,7,4,70.36480859269665,multiagente_ucb,2
multiagente_ucb,7,5,75.93750724727666,multiagente_ucb,1
multiagente_ucb,7,6,74.76069895133331,multiagente_ucb,1
multiagente_ucb,7,7,79.69732407766661,multiagente_ucb,1
multiagente_ucb,7,8,42.51964315276668,multiagente_ucb,2
multiagente_ucb,7,9,38.46088112963668,multiagente_ucb,2
multiagente_ucb,7,10,77.13799596869991,multiagente_ucb,1
multiagente_ucb,7,11,76.13636522312997,multiagente_ucb,2
multiagente_ucb,7,12,80.06482548622331,multiagente_ucb,2
multiagente_ucb,7,13,68.57347952136328,multiagente_ucb,0
multiagente_ucb,7,14,73.14462307466668,bo_fallback_ucb,3
multiagente_ucb,7,15,71.18982468796007,multiagente_ucb,1
multiagente_ucb,7,16,73.15992786893328,bo_fallback_ucb,3
multiagente_ucb,7,17,74.98931493382997,multiagente_ucb,2
multiagente_ucb,7,18,78.06288987812664,multiagente_ucb,1
multiagente_ucb,7,19,81.74764650016668,multiagente_ucb,2
multiagente_ucb,7,20,81.08622025376658,multiagente_ucb,1
multiagente_ucb,7,21,76.79384273417664,multiagente_ucb,2
multiagente_ucb,7,22,84.66515492746662,multiagente_ucb,2
multiagente_ucb,7,23,79.0712846350333,bo_fallback_ucb,3
multiagente_ucb,7,24,80.17321342916667,bo_fallback_ucb,3
multiagente_ucb,7,25,75.45174420804004,multiagente_ucb,2
multiagente_ucb,7,26,76.83245690207995,multiagente_ucb,1
multiagente_ucb,7,27,83.9267856586666,bo_fallback_ucb,3
multiagente_ucb,7,28,80.54495404210002,multiagente_ucb,1
multiagente_ucb,7,29,84.80636542109997,multiagente_ucb,2
batch_llm,7,0,67.22123669203995,batch_llm,0
batch_llm,7,1,36.39089061582335,batch_llm,1
batch_llm,7,2,41.03423597291663,batch_llm,1
batch_llm,7,3,3.443592055936669,batch_llm,0
batch_llm,7,4,55.86792691851003,batch_llm,0
batch_llm,7,5,42.51626694016667,batch_llm,2
batch_llm,7,6,77.91734972396664,batch_llm,2
batch_llm,7,7,79.01941470349996,bo_fallback,3
batch_llm,7,8,68.89146950084334,bo_fallback,3
batch_llm,7,9,84.05667298806661,bo_fallback,3
batch_llm,7,10,79.78941629397995,batch_llm,2
batch_llm,7,11,25.1896499897767,batch_llm,0
batch_llm,7,12,66.3705036817933,bo_fallback,3
batch_llm,7,13,78.83967592223341,batch_llm,1
batch_llm,7,14,30.636203626833357,batch_llm,0
batch_llm,7,15,32.54418221785332,batch_llm,0
batch_llm,7,16,81.55687133856668,bo_fallback,3
batch_llm,7,17,83.89850485927997,batch_llm,2
batch_llm,7,18,79.35469205386671,batch_llm,2
batch_llm,7,19,80.74152575606661,batch_llm,1
batch_llm,7,20,87.33962732350001,batch_llm,1
batch_llm,7,21,77.5950673973666,batch_llm,0
batch_llm,7,22,85.26922063963337,batch_llm,2
batch_llm,7,23,45.07310427902997,batch_llm,0
batch_llm,7,24,54.794133189466606,batch_llm,1
batch_llm,7,25,41.64118636287668,batch_llm,0
batch_llm,7,26,86.90977894573334,batch_llm,1
batch_llm,7,27,78.36230878444327,batch_llm,2
batch_llm,7,28,28.318292147436672,batch_llm,0
batch_llm,7,29,27.129401552000008,batch_llm,0
batch_llm_ucb,7,0,46.22137224652993,batch_llm_ucb,1
batch_llm_ucb,7,1,41.06480435327668,batch_llm_ucb,1
batch_llm_ucb,7,2,78.53925156873329,batch_llm_ucb,2
batch_llm_ucb,7,3,44.67139647263331,batch_llm_ucb,1
batch_llm_ucb,7,4,37.46021354640336,batch_llm_ucb,1
batch_llm_ucb,7,5,77.47019610444332,batch_llm_ucb,1
batch_llm_ucb,7,6,68.70174581165331,batch_llm_ucb,1
batch_llm_ucb,7,7,79.56978475023328,batch_llm_ucb,1
batch_llm_ucb,7,8,54.61830874632672,batch_llm_ucb,0
batch_llm_ucb,7,9,74.38681266822996,bo_fallback_ucb,3
batch_llm_ucb,7,10,46.91358030083326,bo_fallback_ucb,3
batch_llm_ucb,7,11,65.63943993465993,bo_fallback_ucb,3
batch_llm_ucb,7,12,65.03121896547334,batch_llm_ucb,2
batch_llm_ucb,7,13,42.09113050651664,bo_fallback_ucb,3
batch_llm_ucb,7,14,65.55905550890331,bo_fallback_ucb,3
batch_llm_ucb,7,15,59.53674831020005,batch_llm_ucb,0
batch_llm_ucb,7,16,78.5888627816333,batch_llm_ucb,1
batch_llm_ucb,7,17,79.19949670493344,bo_fallback_ucb,3
batch_llm_ucb,7,18,79.9386504548667,batch_llm_ucb,1
batch_llm_ucb,7,19,65.21366921493666,bo_fallback_ucb,3
batch_llm_ucb,7,20,59.55735268000004,batch_llm_ucb,2
batch_llm_ucb,7,21,83.59056683730013,batch_llm_ucb,1
batch_llm_ucb,7,22,43.100610349623295,bo_fallback_ucb,3
batch_llm_ucb,7,23,84.05290543773334,batch_llm_ucb,1
batch_llm_ucb,7,24,76.05750052499997,batch_llm_ucb,2
batch_llm_ucb,7,25,81.95648031766669,bo_fallback_ucb,3
batch_llm_ucb,7,26,68.18617029501335,bo_fallback_ucb,3
batch_llm_ucb,7,27,81.95115338381325,bo_fallback_ucb,3
batch_llm_ucb,7,28,68.19556009241334,batch_llm_ucb,2
batch_llm_ucb,7,29,72.41057903322334,batch_llm_ucb,2
bo_puro,8,0,49.05943843514336,bo_puro,0
bo_puro,8,1,76.87985465496669,bo_puro,0
bo_puro,8,2,66.9481335253167,bo_puro,0
bo_puro,8,3,72.34513222066666,bo_puro,0
bo_puro,8,4,50.03794532211323,bo_puro,0
bo_puro,8,5,75.822435419,bo_puro,0
bo_puro,8,6,71.98721503543324,bo_puro,0
bo_puro,8,7,66.35516758798997,bo_puro,0
bo_puro,8,8,42.69122788951002,bo_puro,0
bo_puro,8,9,82.4189144897666,bo_puro,0
bo_puro,8,10,76.3364955175467,bo_puro,0
bo_puro,8,11,69.22927745456668,bo_puro,0
bo_puro,8,12,40.70837358158333,bo_puro,0
bo_puro,8,13,80.09848808573328,bo_puro,0
bo_puro,8,14,76.36832926268336,bo_puro,0
bo_puro,8,15,72.52327306256663,bo_puro,0
bo_puro,8,16,50.85387457693668,bo_puro,0
bo_puro,8,17,63.99729827223332,bo_puro,0
bo_puro,8,18,76.17721706696666,bo_puro,0
bo_puro,8,19,78.05942754486674,bo_puro,0
bo_puro,8,20,82.10663530596666,bo_puro,0
bo_puro,8,21,75.25621711356668,bo_puro,0
bo_puro,8,22,83.3632757793665,bo_puro,0
bo_puro,8,23,76.03977993876664,bo_puro,0
bo_puro,8,24,39.56651102094671,bo_puro,0
bo_puro,8,25,75.45859786273996,bo_puro,0
bo_puro,8,26,81.31481019506661,bo_puro,0
bo_puro,8,27,82.26967231500007,bo_puro,0
bo_puro,8,28,81.96695253693332,bo_puro,0
bo_puro,8,29,83.10170266499995,bo_puro,0
bo_puro_ucb,8,0,50.631046640743335,bo_puro_ucb,0
bo_puro_ucb,8,1,36.26053645276333,bo_puro_ucb,0
bo_puro_ucb,8,2,67.13040332171667,bo_puro_ucb,0
bo_puro_ucb,8,3,64.13573032542999,bo_puro_ucb,0
bo_puro_ucb,8,4,73.67821792596996,bo_puro_ucb,0
bo_puro_ucb,8,5,37.23198903079336,bo_puro_ucb,0
bo_puro_ucb,8,6,44.02224227895,bo_puro_ucb,0
bo_puro_ucb,8,7,33.58415494389331,bo_puro_ucb,0
bo_puro_ucb,8,8,73.53426987499333,bo_puro_ucb,0
bo_puro_ucb,8,9,69.85430698921662,bo_puro_ucb,0
bo_puro_ucb,8,10,71.02988927620001,bo_puro_ucb,0
bo_puro_ucb,8,11,63.88903032662,bo_puro_ucb,0
bo_puro_ucb,8,12,78.10147106506665,bo_puro_ucb,0
bo_puro_ucb,8,13,21.284816936523345,bo_puro_ucb,0
bo_puro_ucb,8,14,66.54502074208997,bo_puro_ucb,0
bo_puro_ucb,8,15,67.0145938340033,bo_puro_ucb,0
bo_puro_ucb,8,16,39.02484141023671,bo_puro_ucb,0
bo_puro_ucb,8,17,66.52810526751334,bo_puro_ucb,0
bo_puro_ucb,8,18,76.05252426853338,bo_puro_ucb,0
bo_puro_ucb,8,19,46.6885653161766,bo_puro_ucb,0
bo_puro_ucb,8,20,62.19632506603666,bo_puro_ucb,0
bo_puro_ucb,8,21,26.798056526360025,bo_puro_ucb,0
bo_puro_ucb,8,22,74.73646053712663,bo_puro_ucb,0
bo_puro_ucb,8,23,78.30095386626664,bo_puro_ucb,0
bo_puro_ucb,8,24,46.59995827670669,bo_puro_ucb,0
bo_puro_ucb,8,25,78.06875586595663,bo_puro_ucb,0
bo_puro_ucb,8,26,70.98569586197328,bo_puro_ucb,0
bo_puro_ucb,8,27,66.7330792524367,bo_puro_ucb,0
bo_puro_ucb,8,28,43.66876018725338,bo_puro_ucb,0
bo_puro_ucb,8,29,61.903541643983296,bo_puro_ucb,0
multiagente,8,0,28.173673582886696,multiagent,2
multiagente,8,1,67.17166669192999,multiagent,0
multiagente,8,2,76.55284800996668,multiagent,0
multiagente,8,3,71.87308757993326,multiagent,0
multiagente,8,4,77.70961605959997,multiagent,0
multiagente,8,5,64.70544289272672,multiagent,1
multiagente,8,6,66.67138506590001,multiagent,0
multiagente,8,7,70.40839366264669,multiagent,1
multiagente,8,8,78.22164927390008,multiagent,1
multiagente,8,9,61.34846420586665,multiagent,1
multiagente,8,10,62.636117069433325,bo_fallback,3
multiagente,8,11,35.93177679999003,multiagent,2
multiagente,8,12,78.58404260650676,multiagent,0
multiagente,8,13,81.5791632025334,multiagent,0
multiagente,8,14,39.75004762941004,multiagent,0
multiagente,8,15,76.42043922883002,multiagent,0
multiagente,8,16,78.5617122461567,multiagent,1
multiagente,8,17,74.26485145985005,multiagent,1
multiagente,8,18,12.344286179056663,multiagent,0
multiagente,8,19,75.6829313624467,multiagent,0
multiagente,8,20,72.10765500329327,multiagent,0
multiagente,8,21,77.52170992003997,multiagent,0
multiagente,8,22,2.152541148583332,multiagent,0
multiagente,8,23,76.34697474753004,multiagent,1
multiagente,8,24,36.9849739425967,multiagent,0
multiagente,8,25,41.40015516237007,multiagent,0
multiagente,8,26,71.13028335010006,multiagent,0
multiagente,8,27,72.71191566361003,multiagent,0
multiagente,8,28,74.12993123234672,multiagent,2
multiagente,8,29,34.644351743896664,multiagent,0
multiagente_ucb,8,0,64.40402464016668,multiagente_ucb,1
multiagente_ucb,8,1,49.67976154397331,multiagente_ucb,1
multiagente_ucb,8,2,44.72281954052333,multiagente_ucb,0
multiagente_ucb,8,3,66.66777379052668,multiagente_ucb,1
multiagente_ucb,8,4,46.599588081169976,multiagente_ucb,0
multiagente_ucb,8,5,22.59765264742332,multiagente_ucb,0
multiagente_ucb,8,6,66.17868259557332,multiagente_ucb,1
multiagente_ucb,8,7,48.82425274423333,multiagente_ucb,0
multiagente_ucb,8,8,77.50658574695332,multiagente_ucb,1
multiagente_ucb,8,9,69.86203822029336,multiagente_ucb,1
multiagente_ucb,8,10,66.19207569475006,multiagente_ucb,1
multiagente_ucb,8,11,76.67374916778661,multiagente_ucb,1
multiagente_ucb,8,12,77.78815411172668,multiagente_ucb,1
multiagente_ucb,8,13,74.59000129772667,multiagente_ucb,1
multiagente_ucb,8,14,75.19522251504321,multiagente_ucb,2
multiagente_ucb,8,15,24.82140766932332,multiagente_ucb,0
multiagente_ucb,8,16,74.87141892859673,multiagente_ucb,1
multiagente_ucb,8,17,68.45332160243665,multiagente_ucb,1
multiagente_ucb,8,18,56.844014022600106,multiagente_ucb,0
multiagente_ucb,8,19,78.05417088005329,multiagente_ucb,1
multiagente_ucb,8,20,82.55724687626657,multiagente_ucb,0
multiagente_ucb,8,21,4.788286696306662,multiagente_ucb,0
multiagente_ucb,8,22,75.4045110727967,multiagente_ucb,1
multiagente_ucb,8,23,76.62865078894997,multiagente_ucb,0
multiagente_ucb,8,24,79.04122569709658,multiagente_ucb,1
multiagente_ucb,8,25,76.59093732746993,multiagente_ucb,2
multiagente_ucb,8,26,81.14166268713338,multiagente_ucb,2
multiagente_ucb,8,27,45.77484365320006,multiagente_ucb,0
multiagente_ucb,8,28,64.76707423992997,multiagente_ucb,1
multiagente_ucb,8,29,53.09380932256676,multiagente_ucb,0
batch_llm,8,0,71.34861890815331,batch_llm,0
batch_llm,8,1,36.74051357182666,batch_llm,0
batch_llm,8,2,79.8048741451134,batch_llm,1
batch_llm,8,3,68.73686041493669,batch_llm,1
batch_llm,8,4,77.89970400414664,batch_llm,1
batch_llm,8,5,46.95216728746664,batch_llm,0
batch_llm,8,6,68.5881741225267,batch_llm,1
batch_llm,8,7,72.05069246631,batch_llm,1
batch_llm,8,8,77.43532468719006,bo_fallback,3
batch_llm,8,9,75.24819666850004,batch_llm,0
batch_llm,8,10,26.066401255150016,batch_llm,0
batch_llm,8,11,81.37953705839998,batch_llm,0
batch_llm,8,12,71.9142578588,batch_llm,1
batch_llm,8,13,82.56894043123326,batch_llm,0
batch_llm,8,14,81.2488442223666,batch_llm,1
batch_llm,8,15,79.4352329727,batch_llm,0
batch_llm,8,16,79.4712676371066,batch_llm,1
batch_llm,8,17,81.04206279456663,batch_llm,0
batch_llm,8,18,71.83295242116674,batch_llm,1
batch_llm,8,19,82.25301598850655,batch_llm,0
batch_llm,8,20,73.71235688019327,batch_llm,1
batch_llm,8,21,45.81631246932669,batch_llm,0
batch_llm,8,22,78.2440259843,bo_fallback,3
batch_llm,8,23,80.83513820223325,batch_llm,0
batch_llm,8,24,80.2488651466999,batch_llm,1
batch_llm,8,25,84.12153851266669,batch_llm,1
batch_llm,8,26,83.78731521066662,batch_llm,1
batch_llm,8,27,74.89068338090001,batch_llm,0
batch_llm,8,28,64.78986791964667,batch_llm,0
batch_llm,8,29,64.87490933496662,batch_llm,1
batch_llm_ucb,8,0,66.13869562025663,batch_llm_ucb,1
batch_llm_ucb,8,1,43.66035796998664,batch_llm_ucb,1
batch_llm_ucb,8,2,49.117528431656666,batch_llm_ucb,1
batch_llm_ucb,8,3,39.21703265412669,batch_llm_ucb,1
batch_llm_ucb,8,4,66.06841550562004,batch_llm_ucb,0
batch_llm_ucb,8,5,47.92614352373669,batch_llm_ucb,0
batch_llm_ucb,8,6,77.2192360843,batch_llm_ucb,0
batch_llm_ucb,8,7,29.21340389349667,batch_llm_ucb,0
batch_llm_ucb,8,8,37.626787418009975,batch_llm_ucb,0
batch_llm_ucb,8,9,73.42430700466,batch_llm_ucb,1
batch_llm_ucb,8,10,62.23047617120006,batch_llm_ucb,0
batch_llm_ucb,8,11,80.10894799889998,batch_llm_ucb,0
batch_llm_ucb,8,12,75.09775756520003,batch_llm_ucb,0
batch_llm_ucb,8,13,17.154668075866685,batch_llm_ucb,0
batch_llm_ucb,8,14,33.309004831269995,batch_llm_ucb,0
batch_llm_ucb,8,15,78.52230619283338,batch_llm_ucb,1
batch_llm_ucb,8,16,46.28465702318001,batch_llm_ucb,0
batch_llm_ucb,8,17,75.74264258162326,batch_llm_ucb,1
batch_llm_ucb,8,18,72.20883245167002,batch_llm_ucb,1
batch_llm_ucb,8,19,71.63058717004003,batch_llm_ucb,2
batch_llm_ucb,8,20,21.928333110536684,batch_llm_ucb,0
batch_llm_ucb,8,21,74.82096755458336,batch_llm_ucb,1
batch_llm_ucb,8,22,76.40541769407334,batch_llm_ucb,1
batch_llm_ucb,8,23,14.016467250720009,batch_llm_ucb,0
batch_llm_ucb,8,24,71.62154614228335,batch_llm_ucb,1
batch_llm_ucb,8,25,10.063709171210007,batch_llm_ucb,0
batch_llm_ucb,8,26,63.92918519997665,batch_llm_ucb,1
batch_llm_ucb,8,27,79.86175285664336,batch_llm_ucb,2
batch_llm_ucb,8,28,69.52204067986669,batch_llm_ucb,1
batch_llm_ucb,8,29,63.4915076465433,batch_llm_ucb,1
bo_puro,9,0,74.1450255151667,bo_puro,0
bo_puro,9,1,79.74498985545672,bo_puro,0
bo_puro,9,2,22.42949951517666,bo_puro,0
bo_puro,9,3,70.17969487051667,bo_puro,0
bo_puro,9,4,75.32864360670003,bo_puro,0
bo_puro,9,5,76.7220932831966,bo_puro,0
bo_puro,9,6,48.57179913939668,bo_puro,0
bo_puro,9,7,71.48232586696662,bo_puro,0
bo_puro,9,8,67.76110694625673,bo_puro,0
bo_puro,9,9,73.02988505624329,bo_puro,0
bo_puro,9,10,74.63175920743,bo_puro,0
bo_puro,9,11,82.13176184348669,bo_puro,0
bo_puro,9,12,78.23310777102667,bo_puro,0
bo_puro,9,13,78.31901805850005,bo_puro,0
bo_puro,9,14,71.23082782556665,bo_puro,0
bo_puro,9,15,22.793768272386668,bo_puro,0
bo_puro,9,16,67.18689066579998,bo_puro,0
bo_puro,9,17,75.83126319382329,bo_puro,0
bo_puro,9,18,82.22075921855334,bo_puro,0
bo_puro,9,19,81.69947221619002,bo_puro,0
bo_puro,9,20,80.18317546919666,bo_puro,0
bo_puro,9,21,71.11254518212337,bo_puro,0
bo_puro,9,22,73.00868584945336,bo_puro,0
bo_puro,9,23,72.11286459609997,bo_puro,0
bo_puro,9,24,81.59653014175335,bo_puro,0
bo_puro,9,25,81.19293573926336,bo_puro,0
bo_puro,9,26,63.43899137698671,bo_puro,0
bo_puro,9,27,63.97994632183328,bo_puro,0
bo_puro,9,28,81.07965388542003,bo_puro,0
bo_puro,9,29,72.01067634955663,bo_puro,0
bo_puro_ucb,9,0,71.3514053430267,bo_puro_ucb,0
bo_puro_ucb,9,1,71.42957058764338,bo_puro_ucb,0
bo_puro_ucb,9,2,81.27986107232336,bo_puro_ucb,0
bo_puro_ucb,9,3,77.82123893676334,bo_puro_ucb,0
bo_puro_ucb,9,4,60.48775917487334,bo_puro_ucb,0
bo_puro_ucb,9,5,80.47218229494001,bo_puro_ucb,0
bo_puro_ucb,9,6,21.630130639219992,bo_puro_ucb,0
bo_puro_ucb,9,7,71.93046915793329,bo_puro_ucb,0
bo_puro_ucb,9,8,13.629347185550008,bo_puro_ucb,0
bo_puro_ucb,9,9,75.51702776856337,bo_puro_ucb,0
bo_puro_ucb,9,10,24.172443867766653,bo_puro_ucb,0
bo_puro_ucb,9,11,72.05581148266664,bo_puro_ucb,0
bo_puro_ucb,9,12,79.55486504655005,bo_puro_ucb,0
bo_puro_ucb,9,13,63.94696696233,bo_puro_ucb,0
bo_puro_ucb,9,14,79.3322551133567,bo_puro_ucb,0
bo_puro_ucb,9,15,23.97557395474999,bo_puro_ucb,0
bo_puro_ucb,9,16,33.727675695430044,bo_puro_ucb,0
bo_puro_ucb,9,17,7.975563248053324,bo_puro_ucb,0
bo_puro_ucb,9,18,58.77414834599992,bo_puro_ucb,0
bo_puro_ucb,9,19,63.56609805210337,bo_puro_ucb,0
bo_puro_ucb,9,20,70.34023566899998,bo_puro_ucb,0
bo_puro_ucb,9,21,27.05144078190002,bo_puro_ucb,0
bo_puro_ucb,9,22,76.30265993460003,bo_puro_ucb,0
bo_puro_ucb,9,23,68.66794756189,bo_puro_ucb,0
bo_puro_ucb,9,24,23.057758732956668,bo_puro_ucb,0
bo_puro_ucb,9,25,85.78735806166667,bo_puro_ucb,0
bo_puro_ucb,9,26,81.76592335902333,bo_puro_ucb,0
bo_puro_ucb,9,27,84.82518081639992,bo_puro_ucb,0
bo_puro_ucb,9,28,30.600740924603336,bo_puro_ucb,0
bo_puro_ucb,9,29,78.38900684407668,bo_puro_ucb,0
multiagente,9,0,69.27427851788002,multiagent,1
multiagente,9,1,66.31441899909998,bo_fallback,3
multiagente,9,2,80.96651003919004,multiagent,0
multiagente,9,3,74.89586256850673,multiagent,0
multiagente,9,4,72.51948843118997,multiagent,1
multiagente,9,5,23.099578619036667,multiagent,0
multiagente,9,6,67.62910707950338,multiagent,0
multiagente,9,7,76.37100111906001,multiagent,0
multiagente,9,8,70.02860890616002,multiagent,0
multiagente,9,9,69.71888295350006,multiagent,0
multiagente,9,10,75.25957436472991,multiagent,1
multiagente,9,11,79.31478076323332,multiagent,0
multiagente,9,12,61.933571760839975,multiagent,0
multiagente,9,13,80.70287952809332,multiagent,0
multiagente,9,14,76.30323947410328,multiagent,0
multiagente,9,15,78.48704028666002,multiagent,0
multiagente,9,16,66.80705293009666,multiagent,0
multiagente,9,17,75.46370402336662,multiagent,0
multiagente,9,18,80.27380728893674,multiagent,2
multiagente,9,19,67.53963219958996,multiagent,0
multiagente,9,20,81.16416506878338,multiagent,0
multiagente,9,21,65.77785290537663,multiagent,2
multiagente,9,22,57.49898946160003,multiagent,2
multiagente,9,23,38.91503520419002,multiagent,1
multiagente,9,24,81.52398301609004,multiagent,0
multiagente,9,25,76.63344105735,multiagent,0
multiagente,9,26,76.04002885570004,multiagent,0
multiagente,9,27,7.035289042366664,multiagent,1
multiagente,9,28,42.2441361087867,multiagent,0
multiagente,9,29,66.54810990573331,multiagent,0
multiagente_ucb,9,0,83.31243982806667,multiagente_ucb,2
multiagente_ucb,9,1,80.7269948718766,multiagente_ucb,1
multiagente_ucb,9,2,70.39670184215667,multiagente_ucb,0
multiagente_ucb,9,3,77.96060165399994,multiagente_ucb,0
multiagente_ucb,9,4,72.07312472129661,multiagente_ucb,1
multiagente_ucb,9,5,72.17350380768997,multiagente_ucb,2
multiagente_ucb,9,6,61.76250606088667,bo_fallback_ucb,3
multiagente_ucb,9,7,79.78546140779996,multiagente_ucb,1
multiagente_ucb,9,8,80.29682011109992,multiagente_ucb,1
multiagente_ucb,9,9,79.5932618189666,bo_fallback_ucb,3
multiagente_ucb,9,10,81.36183416537658,multiagente_ucb,2
multiagente_ucb,9,11,82.24556331776664,multiagente_ucb,2
multiagente_ucb,9,12,79.82882888620006,multiagente_ucb,1
multiagente_ucb,9,13,52.851005104633295,multiagente_ucb,1
multiagente_ucb,9,14,62.9159223379833,multiagente_ucb,2
multiagente_ucb,9,15,34.39179262156664,multiagente_ucb,2
multiagente_ucb,9,16,80.18296748493333,multiagente_ucb,2
multiagente_ucb,9,17,40.20372064862006,multiagente_ucb,2
multiagente_ucb,9,18,82.21410635133321,bo_fallback_ucb,3
multiagente_ucb,9,19,54.050371564766685,multiagente_ucb,1
multiagente_ucb,9,20,35.029240896473354,multiagente_ucb,0
multiagente_ucb,9,21,78.30555749186661,multiagente_ucb,1
multiagente_ucb,9,22,44.20503967643002,multiagente_ucb,0
multiagente_ucb,9,23,77.6131576950332,multiagente_ucb,0
multiagente_ucb,9,24,79.8619841864999,multiagente_ucb,1
multiagente_ucb,9,25,80.54919512903322,bo_fallback_ucb,3
multiagente_ucb,9,26,70.47714863063,multiagente_ucb,1
multiagente_ucb,9,27,87.58566476403324,multiagente_ucb,0
multiagente_ucb,9,28,76.88740081945998,multiagente_ucb,0
multiagente_ucb,9,29,83.55359089536658,multiagente_ucb,1
batch_llm,9,0,68.67438188203339,batch_llm,2
batch_llm,9,1,73.60589798516335,batch_llm,0
batch_llm,9,2,81.27945031969001,batch_llm,0
batch_llm,9,3,54.4774927959833,batch_llm,2
batch_llm,9,4,80.98922856486661,batch_llm,0
batch_llm,9,5,40.26757454303998,batch_llm,0
batch_llm,9,6,91.45930481119994,batch_llm,0
batch_llm,9,7,87.75182544593324,batch_llm,0
batch_llm,9,8,83.53163293093333,batch_llm,1
batch_llm,9,9,87.20220903023322,batch_llm,0
batch_llm,9,10,39.36790211178664,batch_llm,0
batch_llm,9,11,89.29320921596657,batch_llm,0
batch_llm,9,12,87.47179007353328,batch_llm,0
batch_llm,9,13,87.96244994593323,batch_llm,1
batch_llm,9,14,90.88552992479993,batch_llm,0
batch_llm,9,15,82.30561154454328,batch_llm,1
batch_llm,9,16,88.90873821263312,batch_llm,0
batch_llm,9,17,78.79543464409998,batch_llm,0
batch_llm,9,18,30.671867710039987,batch_llm,0
batch_llm,9,19,88.69310294183316,batch_llm,0
batch_llm,9,20,21.23763022258332,batch_llm,0
batch_llm,9,21,80.08888513726653,batch_llm,2
batch_llm,9,22,58.847957703459976,batch_llm,0
batch_llm,9,23,75.17115711020324,batch_llm,0
batch_llm,9,24,89.9607477851,batch_llm,1
batch_llm,9,25,91.54251512289986,batch_llm,0
batch_llm,9,26,91.08564703169996,batch_llm,0
batch_llm,9,27,35.819444526633355,batch_llm,0
batch_llm,9,28,83.41479966229981,batch_llm,2
batch_llm,9,29,44.24770366168329,batch_llm,0
batch_llm_ucb,9,0,60.369362626740006,batch_llm_ucb,0
batch_llm_ucb,9,1,81.48933213496669,batch_llm_ucb,0
batch_llm_ucb,9,2,63.86262334693998,batch_llm_ucb,0
batch_llm_ucb,9,3,75.93863663983329,batch_llm_ucb,0
batch_llm_ucb,9,4,81.29481131736672,batch_llm_ucb,1
batch_llm_ucb,9,5,73.41250170695997,batch_llm_ucb,1
batch_llm_ucb,9,6,58.04189250031333,batch_llm_ucb,0
batch_llm_ucb,9,7,50.38513782731001,batch_llm_ucb,0
batch_llm_ucb,9,8,73.85832798076666,batch_llm_ucb,2
batch_llm_ucb,9,9,81.4549707036,batch_llm_ucb,0
batch_llm_ucb,9,10,60.50040851629333,batch_llm_ucb,0
batch_llm_ucb,9,11,77.49913603466003,batch_llm_ucb,0
batch_llm_ucb,9,12,79.64482044346654,batch_llm_ucb,1
batch_llm_ucb,9,13,72.77772119312989,batch_llm_ucb,1
batch_llm_ucb,9,14,76.42185490580012,batch_llm_ucb,1
batch_llm_ucb,9,15,28.77859596426999,batch_llm_ucb,0
batch_llm_ucb,9,16,73.33993442091327,batch_llm_ucb,1
batch_llm_ucb,9,17,75.13696885152669,batch_llm_ucb,0
batch_llm_ucb,9,18,61.57942548574334,batch_llm_ucb,1
batch_llm_ucb,9,19,64.64239577815997,batch_llm_ucb,1
batch_llm_ucb,9,20,80.39275544603329,batch_llm_ucb,1
batch_llm_ucb,9,21,91.73669347009992,batch_llm_ucb,0
batch_llm_ucb,9,22,88.5642723423,bo_fallback_ucb,3
batch_llm_ucb,9,23,85.18952717639996,batch_llm_ucb,1
batch_llm_ucb,9,24,86.68136555279989,batch_llm_ucb,0
batch_llm_ucb,9,25,92.1925885634332,batch_llm_ucb,1
batch_llm_ucb,9,26,85.52822695076657,batch_llm_ucb,2
batch_llm_ucb,9,27,79.40038978479996,bo_fallback_ucb,3
batch_llm_ucb,9,28,76.7589047879,batch_llm_ucb,1
batch_llm_ucb,9,29,85.17370651469996,batch_llm_ucb,1
bo_puro,10,0,70.96529523473005,bo_puro,0
bo_puro,10,1,66.68782072346326,bo_puro,0
bo_puro,10,2,66.69624921036666,bo_puro,0
bo_puro,10,3,77.28052980494668,bo_puro,0
bo_puro,10,4,73.95889640287339,bo_puro,0
bo_puro,10,5,57.824956385299906,bo_puro,0
bo_puro,10,6,80.47076476813992,bo_puro,0
bo_puro,10,7,55.32554198296332,bo_puro,0
bo_puro,10,8,78.85336651322658,bo_puro,0
bo_puro,10,9,78.71877715317325,bo_puro,0
bo_puro,10,10,77.4809511837332,bo_puro,0
bo_puro,10,11,48.085395404203375,bo_puro,0
bo_puro,10,12,73.18668613319323,bo_puro,0
bo_puro,10,13,77.56513016199,bo_puro,0
bo_puro,10,14,79.50636037796329,bo_puro,0
bo_puro,10,15,81.58203512193326,bo_puro,0
bo_puro,10,16,72.9301395387967,bo_puro,0
bo_puro,10,17,67.72318403269999,bo_puro,0
bo_puro,10,18,75.07447090129997,bo_puro,0
bo_puro,10,19,69.27790377680002,bo_puro,0
bo_puro,10,20,58.37841652536662,bo_puro,0
bo_puro,10,21,77.60375660036668,bo_puro,0
bo_puro,10,22,80.7276325441,bo_puro,0
bo_puro,10,23,88.58779541056657,bo_puro,0
bo_puro,10,24,66.94045603449992,bo_puro,0
bo_puro,10,25,75.72811914696663,bo_puro,0
bo_puro,10,26,90.52310692079993,bo_puro,0
bo_puro,10,27,86.06358948926331,bo_puro,0
bo_puro,10,28,82.7356378888999,bo_puro,0
bo_puro,10,29,87.74390118113331,bo_puro,0
bo_puro_ucb,10,0,73.77109318679338,bo_puro_ucb,0
bo_puro_ucb,10,1,77.40288685728001,bo_puro_ucb,0
bo_puro_ucb,10,2,40.83011828907999,bo_puro_ucb,0
bo_puro_ucb,10,3,77.16530057339993,bo_puro_ucb,0
bo_puro_ucb,10,4,55.61657703723339,bo_puro_ucb,0
bo_puro_ucb,10,5,37.24510346378675,bo_puro_ucb,0
bo_puro_ucb,10,6,66.37535870489332,bo_puro_ucb,0
bo_puro_ucb,10,7,64.11241584027663,bo_puro_ucb,0
bo_puro_ucb,10,8,46.09896948049999,bo_puro_ucb,0
bo_puro_ucb,10,9,73.2442356173467,bo_puro_ucb,0
bo_puro_ucb,10,10,68.24518653809665,bo_puro_ucb,0
bo_puro_ucb,10,11,87.85535988093332,bo_puro_ucb,0
bo_puro_ucb,10,12,39.303262808550016,bo_puro_ucb,0
bo_puro_ucb,10,13,42.292786893923314,bo_puro_ucb,0
bo_puro_ucb,10,14,69.66002646212995,bo_puro_ucb,0
bo_puro_ucb,10,15,67.28654520029997,bo_puro_ucb,0
bo_puro_ucb,10,16,71.88512677853328,bo_puro_ucb,0
bo_puro_ucb,10,17,68.31269119859996,bo_puro_ucb,0
bo_puro_ucb,10,18,68.74795071369999,bo_puro_ucb,0
bo_puro_ucb,10,19,83.93903588271334,bo_puro_ucb,0
bo_puro_ucb,10,20,61.9475239754666,bo_puro_ucb,0
bo_puro_ucb,10,21,57.8296920811,bo_puro_ucb,0
bo_puro_ucb,10,22,88.30794254776654,bo_puro_ucb,0
bo_puro_ucb,10,23,28.653917881976668,bo_puro_ucb,0
bo_puro_ucb,10,24,44.86642853319669,bo_puro_ucb,0
bo_puro_ucb,10,25,89.9087234087,bo_puro_ucb,0
bo_puro_ucb,10,26,58.26361747873988,bo_puro_ucb,0
bo_puro_ucb,10,27,85.61510758399994,bo_puro_ucb,0
bo_puro_ucb,10,28,80.49030658676652,bo_puro_ucb,0
bo_puro_ucb,10,29,42.02081563288334,bo_puro_ucb,0
multiagente,10,0,71.00552645729671,multiagent,0
multiagente,10,1,65.99571627126325,multiagent,0
multiagente,10,2,65.19812515049992,multiagent,0
multiagente,10,3,77.05554817777666,multiagent,0
multiagente,10,4,80.7993666884499,multiagent,0
multiagente,10,5,80.76509735374984,multiagent,0
multiagente,10,6,80.30390361171654,multiagent,1
multiagente,10,7,77.02008385441663,multiagent,1
multiagente,10,8,65.31529980761663,multiagent,0
multiagente,10,9,70.68117759055006,multiagent,1
multiagente,10,10,63.65832944589668,multiagent,0
multiagente,10,11,29.76384960416002,multiagent,1
multiagente,10,12,66.19091179792676,multiagent,0
multiagente,10,13,71.93654377928337,multiagent,1
multiagente,10,14,69.40568109346668,multiagent,0
multiagente,10,15,70.59529199490997,multiagent,2
multiagente,10,16,77.59844365098323,multiagent,1
multiagente,10,17,77.38619883363658,multiagent,1
multiagente,10,18,61.47546680604007,multiagent,2
multiagente,10,19,80.54624558944987,multiagent,0
multiagente,10,20,78.32732265540987,multiagent,0
multiagente,10,21,79.66411594349984,multiagent,0
multiagente,10,22,52.42124164966006,multiagent,0
multiagente,10,23,66.92809061446333,multiagent,1
multiagente,10,24,65.6171110455933,multiagent,0
multiagente,10,25,68.31535014138984,multiagent,0
multiagente,10,26,80.53116751768322,multiagent,0
multiagente,10,27,79.71483552793323,multiagent,0
multiagente,10,28,44.92508711007673,multiagent,2
multiagente,10,29,66.73736847943336,multiagent,0
multiagente_ucb,10,0,78.27769931096002,multiagente_ucb,1
multiagente_ucb,10,1,64.5434763482833,multiagente_ucb,0
multiagente_ucb,10,2,30.96497897166333,multiagente_ucb,1
multiagente_ucb,10,3,63.931860242933304,multiagente_ucb,0
multiagente_ucb,10,4,82.01308845079335,multiagente_ucb,1
multiagente_ucb,10,5,79.89717553623659,multiagente_ucb,0
multiagente_ucb,10,6,56.502526843543286,multiagente_ucb,0
multiagente_ucb,10,7,77.80066158759328,multiagente_ucb,1
multiagente_ucb,10,8,79.72248045409334,multiagente_ucb,2
multiagente_ucb,10,9,80.64937135271335,multiagente_ucb,1
multiagente_ucb,10,10,67.00202628850663,multiagente_ucb,0
multiagente_ucb,10,11,29.761185277550023,multiagente_ucb,0
multiagente_ucb,10,12,65.57221070590663,multiagente_ucb,0
multiagente_ucb,10,13,76.71036381799999,multiagente_ucb,0
multiagente_ucb,10,14,41.076036272766686,multiagente_ucb,0
multiagente_ucb,10,15,63.68363743877996,multiagente_ucb,0
multiagente_ucb,10,16,75.17222011043003,multiagente_ucb,1
multiagente_ucb,10,17,27.751206116780025,multiagente_ucb,0
multiagente_ucb,10,18,72.23156604355343,multiagente_ucb,1
multiagente_ucb,10,19,80.88953978686662,multiagente_ucb,0
multiagente_ucb,10,20,78.84166890133338,multiagente_ucb,0
multiagente_ucb,10,21,81.49365345074331,multiagente_ucb,0
multiagente_ucb,10,22,69.65376001391334,multiagente_ucb,0
multiagente_ucb,10,23,74.37352274626666,multiagente_ucb,0
multiagente_ucb,10,24,35.959202324220044,multiagente_ucb,0
multiagente_ucb,10,25,86.02244990996661,multiagente_ucb,0
multiagente_ucb,10,26,78.92898467829997,multiagente_ucb,1
multiagente_ucb,10,27,81.66252860639331,multiagente_ucb,1
multiagente_ucb,10,28,80.7259655966966,multiagente_ucb,1
multiagente_ucb,10,29,82.28894180376331,multiagente_ucb,1
batch_llm,10,0,83.41733370389998,batch_llm,1
batch_llm,10,1,28.138659272803366,batch_llm,0
batch_llm,10,2,51.42080503096668,batch_llm,0
batch_llm,10,3,83.59066191496666,batch_llm,0
batch_llm,10,4,74.19010728473005,batch_llm,0
batch_llm,10,5,81.63656927627336,batch_llm,0
batch_llm,10,6,62.87962083847004,batch_llm,0
batch_llm,10,7,84.07740933603331,batch_llm,0
batch_llm,10,8,79.63568672769996,batch_llm,0
batch_llm,10,9,61.980250291179956,batch_llm,1
batch_llm,10,10,73.97147243837668,batch_llm,1
batch_llm,10,11,66.55009955984336,batch_llm,0
batch_llm,10,12,85.7089792727,batch_llm,0
batch_llm,10,13,41.59709450432335,batch_llm,0
batch_llm,10,14,68.17234615790005,batch_llm,0
batch_llm,10,15,81.14802772975999,batch_llm,1
batch_llm,10,16,83.75710892723332,batch_llm,1
batch_llm,10,17,91.74844381919993,batch_llm,0
batch_llm,10,18,79.21113485646654,batch_llm,0
batch_llm,10,19,82.24605301959993,batch_llm,2
batch_llm,10,20,74.40669884989993,batch_llm,0
batch_llm,10,21,86.85483773213332,batch_llm,0
batch_llm,10,22,86.45521915933335,batch_llm,1
batch_llm,10,23,87.69940545263329,batch_llm,1
batch_llm,10,24,75.91156031713335,batch_llm,0
batch_llm,10,25,83.04503794684652,batch_llm,1
batch_llm,10,26,80.15419581882999,bo_fallback,3
batch_llm,10,27,74.48844076513329,batch_llm,1
batch_llm,10,28,86.31270762539997,batch_llm,1
batch_llm,10,29,89.30470103303318,batch_llm,1
batch_llm_ucb,10,0,72.42284598554333,batch_llm_ucb,1
batch_llm_ucb,10,1,79.47110787996665,batch_llm_ucb,1
batch_llm_ucb,10,2,76.50128908261671,batch_llm_ucb,1
batch_llm_ucb,10,3,47.64095107734333,batch_llm_ucb,0
batch_llm_ucb,10,4,54.637549202273355,batch_llm_ucb,1
batch_llm_ucb,10,5,55.786523430866545,batch_llm_ucb,0
batch_llm_ucb,10,6,68.1967254427,batch_llm_ucb,0
batch_llm_ucb,10,7,73.26816286329998,batch_llm_ucb,1
batch_llm_ucb,10,8,78.12960173436998,batch_llm_ucb,0
batch_llm_ucb,10,9,77.94690735634666,bo_fallback_ucb,3
batch_llm_ucb,10,10,77.46435386880665,batch_llm_ucb,1
batch_llm_ucb,10,11,81.57801589790004,batch_llm_ucb,1
batch_llm_ucb,10,12,71.53940820392667,batch_llm_ucb,1
batch_llm_ucb,10,13,64.60535086320333,batch_llm_ucb,1
batch_llm_ucb,10,14,79.75286020706672,batch_llm_ucb,1
batch_llm_ucb,10,15,76.15139320326337,batch_llm_ucb,1
batch_llm_ucb,10,16,88.58589092226663,batch_llm_ucb,1
batch_llm_ucb,10,17,45.824779219459984,batch_llm_ucb,0
batch_llm_ucb,10,18,45.02510280518339,batch_llm_ucb,1
batch_llm_ucb,10,19,74.91842648649998,batch_llm_ucb,2
batch_llm_ucb,10,20,33.61884560982333,batch_llm_ucb,1
batch_llm_ucb,10,21,43.42340336074001,batch_llm_ucb,0
batch_llm_ucb,10,22,42.410870256393295,batch_llm_ucb,1
batch_llm_ucb,10,23,44.93109959485002,batch_llm_ucb,1
batch_llm_ucb,10,24,34.273301509116685,batch_llm_ucb,0
batch_llm_ucb,10,25,30.04735560556,batch_llm_ucb,0
batch_llm_ucb,10,26,45.46323975572335,batch_llm_ucb,1
batch_llm_ucb,10,27,38.29690646480667,batch_llm_ucb,1
batch_llm_ucb,10,28,32.42411625489999,batch_llm_ucb,1
batch_llm_ucb,10,29,81.75817436886668,bo_fallback_ucb,3
bo_puro,11,0,29.452885320973323,bo_puro,0
bo_puro,11,1,69.02217754888001,bo_puro,0
bo_puro,11,2,62.5855349341667,bo_puro,0
bo_puro,11,3,38.020352031049974,bo_puro,0
bo_puro,11,4,66.36055356941004,bo_puro,0
bo_puro,11,5,58.982327152883386,bo_puro,0
bo_puro,11,6,55.50320954536344,bo_puro,0
bo_puro,11,7,71.82633888027999,bo_puro,0
bo_puro,11,8,40.77337934001329,bo_puro,0
bo_puro,11,9,70.6634378175267,bo_puro,0
bo_puro,11,10,62.452617404706615,bo_puro,0
bo_puro,11,11,26.299770129553337,bo_puro,0
bo_puro,11,12,79.54977099990658,bo_puro,0
bo_puro,11,13,66.16248959246671,bo_puro,0
bo_puro,11,14,63.04299852292673,bo_puro,0
bo_puro,11,15,29.441248256566674,bo_puro,0
bo_puro,11,16,55.02590472668666,bo_puro,0
bo_puro,11,17,65.20660368917004,bo_puro,0
bo_puro,11,18,89.4610315488666,bo_puro,0
bo_puro,11,19,87.5841164051998,bo_puro,0
bo_puro,11,20,29.727276010360008,bo_puro,0
bo_puro,11,21,70.44457483219989,bo_puro,0
bo_puro,11,22,32.15902891932669,bo_puro,0
bo_puro,11,23,78.96344480828664,bo_puro,0
bo_puro,11,24,30.437974850050015,bo_puro,0
bo_puro,11,25,70.19789207355664,bo_puro,0
bo_puro,11,26,85.21524667359994,bo_puro,0
bo_puro,11,27,77.93399749036664,bo_puro,0
bo_puro,11,28,89.5931368045332,bo_puro,0
bo_puro,11,29,50.127686638576655,bo_puro,0
bo_puro_ucb,11,0,32.24869931847999,bo_puro_ucb,0
bo_puro_ucb,11,1,78.99428203527324,bo_puro_ucb,0
bo_puro_ucb,11,2,61.53559073864332,bo_puro_ucb,0
bo_puro_ucb,11,3,65.29645776873342,bo_puro_ucb,0
bo_puro_ucb,11,4,66.6314400639,bo_puro_ucb,0
bo_puro_ucb,11,5,47.87910229672673,bo_puro_ucb,0
bo_puro_ucb,11,6,82.46770314051669,bo_puro_ucb,0
bo_puro_ucb,11,7,53.071738487366744,bo_puro_ucb,0
bo_puro_ucb,11,8,3.124462226586664,bo_puro_ucb,0
bo_puro_ucb,11,9,78.36936946522668,bo_puro_ucb,0
bo_puro_ucb,11,10,63.37327653160997,bo_puro_ucb,0
bo_puro_ucb,11,11,64.79153370653343,bo_puro_ucb,0
bo_puro_ucb,11,12,4.684536635156666,bo_puro_ucb,0
bo_puro_ucb,11,13,82.49694517089998,bo_puro_ucb,0
bo_puro_ucb,11,14,78.06068788836664,bo_puro_ucb,0
bo_puro_ucb,11,15,87.7648851388999,bo_puro_ucb,0
bo_puro_ucb,11,16,56.80749563581335,bo_puro_ucb,0
bo_puro_ucb,11,17,80.96063379673001,bo_puro_ucb,0
bo_puro_ucb,11,18,58.03920656914003,bo_puro_ucb,0
bo_puro_ucb,11,19,59.25054210540006,bo_puro_ucb,0
bo_puro_ucb,11,20,79.5593693946066,bo_puro_ucb,0
bo_puro_ucb,11,21,75.10484613125655,bo_puro_ucb,0
bo_puro_ucb,11,22,83.27746593716661,bo_puro_ucb,0
bo_puro_ucb,11,23,74.56389802069661,bo_puro_ucb,0
bo_puro_ucb,11,24,61.62979165589995,bo_puro_ucb,0
bo_puro_ucb,11,25,30.141796325790025,bo_puro_ucb,0
bo_puro_ucb,11,26,80.75267559689999,bo_puro_ucb,0
bo_puro_ucb,11,27,79.22625257530665,bo_puro_ucb,0
bo_puro_ucb,11,28,75.6334201251666,bo_puro_ucb,0
bo_puro_ucb,11,29,87.93697622106662,bo_puro_ucb,0
multiagente,11,0,29.821103219936642,multiagent,0
multiagente,11,1,52.94797498030003,multiagent,0
multiagente,11,2,60.65338668865656,multiagent,0
multiagente,11,3,59.66756027981668,multiagent,0
multiagente,11,4,62.04968246883338,multiagent,0
multiagente,11,5,64.76062079012664,multiagent,0
multiagente,11,6,30.28741804047666,multiagent,2
multiagente,11,7,3.525054139796666,multiagent,0
multiagente,11,8,75.11332378625328,multiagent,2
multiagente,11,9,75.18453869368004,multiagent,1
multiagente,11,10,78.00085349079328,multiagent,0
multiagente,11,11,61.98900999859338,multiagent,0
multiagente,11,12,66.1435716712367,multiagent,0
multiagente,11,13,26.25872012164335,multiagent,0
multiagente,11,14,68.13940663961999,multiagent,0
multiagente,11,15,72.31239897018669,multiagent,0
multiagente,11,16,73.82270104941334,multiagent,0
multiagente,11,17,70.7333564190833,multiagent,0
multiagente,11,18,71.06222923930335,multiagent,1
multiagente,11,19,59.254391550833404,multiagent,0
multiagente,11,20,83.08175680682993,multiagent,0
multiagente,11,21,61.868013377493384,multiagent,0
multiagente,11,22,84.37748272459994,multiagent,1
multiagente,11,23,80.68736393401663,multiagent,0
multiagente,11,24,80.3464764300833,multiagent,0
multiagente,11,25,79.3082675710733,multiagent,0
multiagente,11,26,76.32893873565332,multiagent,1
multiagente,11,27,86.61327421899995,multiagent,0
multiagente,11,28,82.92953298300995,multiagent,1
multiagente,11,29,83.85234474656332,multiagent,1
multiagente_ucb,11,0,33.525999521569986,multiagente_ucb,0
multiagente_ucb,11,1,50.80171073024,multiagente_ucb,1
multiagente_ucb,11,2,76.5022816006533,multiagente_ucb,0
multiagente_ucb,11,3,61.754609546320026,multiagente_ucb,0
multiagente_ucb,11,4,57.800700504403345,multiagente_ucb,0
multiagente_ucb,11,5,3.705863460273335,multiagente_ucb,0
multiagente_ucb,11,6,77.95015112312002,multiagente_ucb,1
multiagente_ucb,11,7,74.57406664174991,multiagente_ucb,0
multiagente_ucb,11,8,63.889601229166644,multiagente_ucb,0
multiagente_ucb,11,9,75.03400665550994,multiagente_ucb,1
multiagente_ucb,11,10,63.371058069893294,multiagente_ucb,1
multiagente_ucb,11,11,73.49286736759994,multiagente_ucb,0
multiagente_ucb,11,12,61.938436162733296,multiagente_ucb,0
multiagente_ucb,11,13,76.42340822015667,multiagente_ucb,0
multiagente_ucb,11,14,21.79990812294999,multiagente_ucb,0
multiagente_ucb,11,15,75.89004399716005,multiagente_ucb,0
multiagente_ucb,11,16,45.87866889638998,multiagente_ucb,0
multiagente_ucb,11,17,77.95891234950005,multiagente_ucb,1
multiagente_ucb,11,18,71.87097288523339,multiagente_ucb,1
multiagente_ucb,11,19,59.41252158230003,multiagente_ucb,1
multiagente_ucb,11,20,76.89833174205666,multiagente_ucb,1
multiagente_ucb,11,21,76.85284106006996,multiagente_ucb,2
multiagente_ucb,11,22,45.62890425992002,multiagente_ucb,1
multiagente_ucb,11,23,78.90470203649662,multiagente_ucb,1
multiagente_ucb,11,24,79.99796691072991,multiagente_ucb,1
multiagente_ucb,11,25,72.30418428640334,multiagente_ucb,0
multiagente_ucb,11,26,70.23665804754337,multiagente_ucb,0
multiagente_ucb,11,27,55.8975343608667,multiagente_ucb,0
multiagente_ucb,11,28,55.85407389355999,multiagente_ucb,0
multiagente_ucb,11,29,72.54136474260005,multiagente_ucb,0
batch_llm,11,0,73.21600186270004,batch_llm,0
batch_llm,11,1,59.60100987465331,batch_llm,0
batch_llm,11,2,83.35846555939004,batch_llm,1
batch_llm,11,3,79.92029839406656,batch_llm,0
batch_llm,11,4,63.530952555400084,batch_llm,1
batch_llm,11,5,79.16041242893331,batch_llm,0
batch_llm,11,6,80.7394873023933,batch_llm,1
batch_llm,11,7,70.6271373173533,batch_llm,2
batch_llm,11,8,65.49873689463332,batch_llm,0
batch_llm,11,9,67.33180047191003,batch_llm,0
batch_llm,11,10,2.0470399614766652,batch_llm,0
batch_llm,11,11,75.11266729176668,batch_llm,0
batch_llm,11,12,3.9684176373300004,batch_llm,0
batch_llm,11,13,80.8339765999333,batch_llm,0
batch_llm,11,14,7.7422143785900035,batch_llm,0
batch_llm,11,15,30.29247997891667,batch_llm,0
batch_llm,11,16,71.02139177251665,batch_llm,1
batch_llm,11,17,71.1159306283433,batch_llm,0
batch_llm,11,18,86.13507665386656,batch_llm,0
batch_llm,11,19,88.36272314393341,batch_llm,0
batch_llm,11,20,77.7367118696633,batch_llm,1
batch_llm,11,21,69.62871046925669,batch_llm,0
batch_llm,11,22,67.66115901455333,batch_llm,0
batch_llm,11,23,78.45751353346657,batch_llm,0
batch_llm,11,24,76.97280077779997,batch_llm,0
batch_llm,11,25,69.50060914613331,batch_llm,0
batch_llm,11,26,32.81511855621,batch_llm,0
batch_llm,11,27,73.50303748710331,batch_llm,0
batch_llm,11,28,82.14598567606662,batch_llm,0
batch_llm,11,29,67.92774833413336,batch_llm,0
batch_llm_ucb,11,0,30.816143824833315,batch_llm_ucb,1
batch_llm_ucb,11,1,76.87898530468998,batch_llm_ucb,1
batch_llm_ucb,11,2,69.40190900834337,batch_llm_ucb,1
batch_llm_ucb,11,3,52.18697226948678,batch_llm_ucb,1
batch_llm_ucb,11,4,76.54045416968331,batch_llm_ucb,1
batch_llm_ucb,11,5,5.2267568700466684,batch_llm_ucb,1
batch_llm_ucb,11,6,7.91845570507,batch_llm_ucb,0
batch_llm_ucb,11,7,3.3193186660699996,batch_llm_ucb,1
batch_llm_ucb,11,8,74.88004234607665,batch_llm_ucb,1
batch_llm_ucb,11,9,3.370071257283332,batch_llm_ucb,1
batch_llm_ucb,11,10,76.53539063682337,batch_llm_ucb,0
batch_llm_ucb,11,11,57.591485268539984,batch_llm_ucb,0
batch_llm_ucb,11,12,68.03381530967343,batch_llm_ucb,2
batch_llm_ucb,11,13,27.807106610466654,batch_llm_ucb,1
batch_llm_ucb,11,14,80.04324470935993,batch_llm_ucb,0
batch_llm_ucb,11,15,54.131020345583345,batch_llm_ucb,1
batch_llm_ucb,11,16,37.94084257784333,batch_llm_ucb,0
batch_llm_ucb,11,17,43.86340548595001,batch_llm_ucb,0
batch_llm_ucb,11,18,67.01719245165667,batch_llm_ucb,1
batch_llm_ucb,11,19,58.97504554044667,batch_llm_ucb,0
batch_llm_ucb,11,20,79.19585196971656,batch_llm_ucb,2
batch_llm_ucb,11,21,80.21060572609997,bo_fallback_ucb,3
batch_llm_ucb,11,22,72.94169289269325,batch_llm_ucb,0
batch_llm_ucb,11,23,75.66290097386333,batch_llm_ucb,1
batch_llm_ucb,11,24,80.02733673756995,batch_llm_ucb,1
batch_llm_ucb,11,25,76.94249804148657,batch_llm_ucb,2
batch_llm_ucb,11,26,76.56431710520329,batch_llm_ucb,2
batch_llm_ucb,11,27,61.49353920056674,bo_fallback_ucb,3
batch_llm_ucb,11,28,80.61425758664666,bo_fallback_ucb,3
batch_llm_ucb,11,29,73.24155584018999,batch_llm_ucb,2
bo_puro,12,0,70.43512430489665,bo_puro,0
bo_puro,12,1,27.537147431870036,bo_puro,0
bo_puro,12,2,68.4200399688733,bo_puro,0
bo_puro,12,3,74.53943092162672,bo_puro,0
bo_puro,12,4,4.20229803107667,bo_puro,0
bo_puro,12,5,66.79770044900339,bo_puro,0
bo_puro,12,6,66.52912901437003,bo_puro,0
bo_puro,12,7,66.37962753015667,bo_puro,0
bo_puro,12,8,67.68077444149334,bo_puro,0
bo_puro,12,9,75.68336713253338,bo_puro,0
bo_puro,12,10,71.70108830999004,bo_puro,0
bo_puro,12,11,25.034434487840045,bo_puro,0
bo_puro,12,12,69.76007680576336,bo_puro,0
bo_puro,12,13,67.08040382601335,bo_puro,0
bo_puro,12,14,71.22259395101669,bo_puro,0
bo_puro,12,15,71.18754098228996,bo_puro,0
bo_puro,12,16,72.12615915908334,bo_puro,0
bo_puro,12,17,49.28469310283334,bo_puro,0
bo_puro,12,18,78.3856244357667,bo_puro,0
bo_puro,12,19,74.42160491602999,bo_puro,0
bo_puro,12,20,70.26551770290003,bo_puro,0
bo_puro,12,21,79.73956652859997,bo_puro,0
bo_puro,12,22,77.43389941622003,bo_puro,0
bo_puro,12,23,37.176331298213334,bo_puro,0
bo_puro,12,24,63.73554819216667,bo_puro,0
bo_puro,12,25,80.75184285694003,bo_puro,0
bo_puro,12,26,73.74821832574328,bo_puro,0
bo_puro,12,27,70.42445978746998,bo_puro,0
bo_puro,12,28,73.37054911143335,bo_puro,0
bo_puro,12,29,66.67847414937998,bo_puro,0
bo_puro_ucb,12,0,67.08573981476331,bo_puro_ucb,0
bo_puro_ucb,12,1,27.083115232616688,bo_puro_ucb,0
bo_puro_ucb,12,2,49.496691379550015,bo_puro_ucb,0
bo_puro_ucb,12,3,60.53041737482672,bo_puro_ucb,0
bo_puro_ucb,12,4,67.96880902503337,bo_puro_ucb,0
bo_puro_ucb,12,5,63.21733272409333,bo_puro_ucb,0
bo_puro_ucb,12,6,68.54601336001673,bo_puro_ucb,0
bo_puro_ucb,12,7,32.067921538796654,bo_puro_ucb,0
bo_puro_ucb,12,8,73.68343352122331,bo_puro_ucb,0
bo_puro_ucb,12,9,36.79677923760999,bo_puro_ucb,0
bo_puro_ucb,12,10,73.13249693114997,bo_puro_ucb,0
bo_puro_ucb,12,11,78.68945839559336,bo_puro_ucb,0
bo_puro_ucb,12,12,71.11075364813003,bo_puro_ucb,0
bo_puro_ucb,12,13,80.32299510286991,bo_puro_ucb,0
bo_puro_ucb,12,14,54.63681164712325,bo_puro_ucb,0
bo_puro_ucb,12,15,81.63213184503998,bo_puro_ucb,0
bo_puro_ucb,12,16,82.35818374599323,bo_puro_ucb,0
bo_puro_ucb,12,17,78.17174004742684,bo_puro_ucb,0
bo_puro_ucb,12,18,54.367960390609994,bo_puro_ucb,0
bo_puro_ucb,12,19,65.80367928947668,bo_puro_ucb,0
bo_puro_ucb,12,20,74.64125027038999,bo_puro_ucb,0
bo_puro_ucb,12,21,79.32968629,bo_puro_ucb,0
bo_puro_ucb,12,22,33.148719004460034,bo_puro_ucb,0
bo_puro_ucb,12,23,80.1187438478499,bo_puro_ucb,0
bo_puro_ucb,12,24,79.19454108223998,bo_puro_ucb,0
bo_puro_ucb,12,25,84.86844060562663,bo_puro_ucb,0
bo_puro_ucb,12,26,58.07517137145666,bo_puro_ucb,0
bo_puro_ucb,12,27,77.06988997930668,bo_puro_ucb,0
bo_puro_ucb,12,28,4.450440966199999,bo_puro_ucb,0
bo_puro_ucb,12,29,66.6156592739167,bo_puro_ucb,0
multiagente,12,0,70.43512430489665,multiagent,0
multiagente,12,1,27.537147431870036,multiagent,0
multiagente,12,2,71.82751433908338,multiagent,1
multiagente,12,3,69.60479025167007,multiagent,1
multiagente,12,4,71.01213334825668,multiagent,1
multiagente,12,5,46.44257909576667,multiagent,0
multiagente,12,6,68.04169423925998,multiagent,0
multiagente,12,7,71.56027266813004,multiagent,0
multiagente,12,8,66.2115140186467,multiagent,2
multiagente,12,9,67.62237791033658,multiagent,1
multiagente,12,10,64.23550801521002,multiagent,0
multiagente,12,11,69.79053645846668,multiagent,1
multiagente,12,12,67.32678139538658,multiagent,0
multiagente,12,13,67.86048464479,multiagent,1
multiagente,12,14,73.09839913102002,multiagent,1
multiagente,12,15,72.27902798539,multiagent,0
multiagente,12,16,76.54278378096006,multiagent,0
multiagente,12,17,78.43393013746667,multiagent,0
multiagente,12,18,65.2100530217666,multiagent,0
multiagente,12,19,39.64675123030673,multiagent,0
multiagente,12,20,78.88645560296675,multiagent,0
multiagente,12,21,60.27174512093329,multiagent,0
multiagente,12,22,5.221987934983332,multiagent,0
multiagente,12,23,77.66261539398667,multiagent,0
multiagente,12,24,71.63418124803002,multiagent,0
multiagente,12,25,71.67730456451335,multiagent,1
multiagente,12,26,71.05111242628999,multiagent,0
multiagente,12,27,73.14317261209997,multiagent,0
multiagente,12,28,67.55273243175331,multiagent,1
multiagente,12,29,75.92885997420004,bo_fallback,3
multiagente_ucb,12,0,67.08573981476331,multiagente_ucb,0
multiagente_ucb,12,1,70.24943326475339,multiagente_ucb,1
multiagente_ucb,12,2,70.70773711512005,multiagente_ucb,1
multiagente_ucb,12,3,43.700144563949976,multiagente_ucb,1
multiagente_ucb,12,4,2.675415405276667,multiagente_ucb,0
multiagente_ucb,12,5,72.2132050173834,multiagente_ucb,0
multiagente_ucb,12,6,69.11109810273328,multiagente_ucb,0
multiagente_ucb,12,7,64.03219781984335,multiagente_ucb,1
multiagente_ucb,12,8,30.861078687316663,multiagente_ucb,0
multiagente_ucb,12,9,28.36544873024003,multiagente_ucb,0
multiagente_ucb,12,10,65.76335661329331,multiagente_ucb,0
multiagente_ucb,12,11,72.9675658222634,multiagente_ucb,1
multiagente_ucb,12,12,78.65247429806662,multiagente_ucb,0
multiagente_ucb,12,13,42.78553745031333,multiagente_ucb,1
multiagente_ucb,12,14,90.10117888919989,multiagente_ucb,0
multiagente_ucb,12,15,84.20993138793328,multiagente_ucb,1
multiagente_ucb,12,16,81.39895531133332,multiagente_ucb,0
multiagente_ucb,12,17,77.79374655486664,multiagente_ucb,0
multiagente_ucb,12,18,87.97430233313327,multiagente_ucb,0
multiagente_ucb,12,19,67.14801928816674,multiagente_ucb,0
multiagente_ucb,12,20,78.45671890403328,multiagente_ucb,0
multiagente_ucb,12,21,67.39706310956662,multiagente_ucb,0
multiagente_ucb,12,22,77.5726855058333,multiagente_ucb,0
multiagente_ucb,12,23,88.08159631039996,multiagente_ucb,0
multiagente_ucb,12,24,88.18299132429988,multiagente_ucb,1
multiagente_ucb,12,25,77.89996425766665,multiagente_ucb,0
multiagente_ucb,12,26,87.8887601162665,multiagente_ucb,0
multiagente_ucb,12,27,78.3510101530666,multiagente_ucb,0
multiagente_ucb,12,28,76.91470413816656,multiagente_ucb,0
multiagente_ucb,12,29,8.195060431779996,multiagente_ucb,0
batch_llm,12,0,63.74518213451995,batch_llm,0
batch_llm,12,1,8.28263780905333,batch_llm,0
batch_llm,12,2,75.57666846646329,batch_llm,0
batch_llm,12,3,32.57800301190667,batch_llm,0
batch_llm,12,4,72.38016376729335,batch_llm,1
batch_llm,12,5,69.31707774113328,batch_llm,0
batch_llm,12,6,63.29263992469997,batch_llm,0
batch_llm,12,7,69.64357603690667,batch_llm,1
batch_llm,12,8,62.03211341384334,batch_llm,0
batch_llm,12,9,74.79945668763334,batch_llm,0
batch_llm,12,10,73.85608557797,batch_llm,1
batch_llm,12,11,68.19495922817998,batch_llm,1
batch_llm,12,12,67.46555923926996,batch_llm,1
batch_llm,12,13,50.6767266257067,batch_llm,0
batch_llm,12,14,65.00193058769668,batch_llm,1
batch_llm,12,15,72.77515542920997,batch_llm,2
batch_llm,12,16,69.97100274963327,batch_llm,0
batch_llm,12,17,66.02562215467997,batch_llm,1
batch_llm,12,18,70.56266798550995,batch_llm,1
batch_llm,12,19,67.8800927005766,batch_llm,1
batch_llm,12,20,0.8699152100466669,bo_fallback,3
batch_llm,12,21,68.36304361599993,batch_llm,0
batch_llm,12,22,76.31901786775336,batch_llm,2
batch_llm,12,23,72.14512069376667,batch_llm,2
batch_llm,12,24,70.7196215092966,batch_llm,1
batch_llm,12,25,3.0988642948666665,batch_llm,2
batch_llm,12,26,74.47826861116668,batch_llm,1
batch_llm,12,27,67.35009624343665,batch_llm,1
batch_llm,12,28,68.91502117306668,batch_llm,2
batch_llm,12,29,66.83541922049332,batch_llm,1
batch_llm_ucb,12,0,10.332342716079996,batch_llm_ucb,0
batch_llm_ucb,12,1,67.66754881192993,batch_llm_ucb,0
batch_llm_ucb,12,2,27.55232092911671,batch_llm_ucb,1
batch_llm_ucb,12,3,12.84064508242,batch_llm_ucb,1
batch_llm_ucb,12,4,59.94710057984999,batch_llm_ucb,0
batch_llm_ucb,12,5,66.41762460739668,batch_llm_ucb,1
batch_llm_ucb,12,6,64.60889095363332,batch_llm_ucb,1
batch_llm_ucb,12,7,69.11335822130663,batch_llm_ucb,0
batch_llm_ucb,12,8,74.05799027980333,batch_llm_ucb,0
batch_llm_ucb,12,9,60.70032009151672,batch_llm_ucb,0
batch_llm_ucb,12,10,70.15134093757995,batch_llm_ucb,0
batch_llm_ucb,12,11,72.7814824142433,batch_llm_ucb,0
batch_llm_ucb,12,12,72.14362332596339,batch_llm_ucb,1
batch_llm_ucb,12,13,75.05277013597664,batch_llm_ucb,0
batch_llm_ucb,12,14,2.5875561897333337,batch_llm_ucb,0
batch_llm_ucb,12,15,39.069517664180026,batch_llm_ucb,1
batch_llm_ucb,12,16,28.91372753562998,batch_llm_ucb,0
batch_llm_ucb,12,17,74.03626665646333,batch_llm_ucb,1
batch_llm_ucb,12,18,54.47988138833672,batch_llm_ucb,0
batch_llm_ucb,12,19,77.97478735551339,batch_llm_ucb,0
batch_llm_ucb,12,20,74.48238916868665,batch_llm_ucb,0
batch_llm_ucb,12,21,50.40785948441663,batch_llm_ucb,0
batch_llm_ucb,12,22,44.40121409855668,batch_llm_ucb,0
batch_llm_ucb,12,23,72.4016331472301,batch_llm_ucb,0
batch_llm_ucb,12,24,72.59898554613007,batch_llm_ucb,2
batch_llm_ucb,12,25,5.034363900749995,batch_llm_ucb,0
batch_llm_ucb,12,26,41.52985877525335,batch_llm_ucb,0
batch_llm_ucb,12,27,71.04564442554998,batch_llm_ucb,1
batch_llm_ucb,12,28,56.34541431723671,batch_llm_ucb,0
batch_llm_ucb,12,29,80.46843993183654,batch_llm_ucb,0
bo_puro,13,0,57.880208713570006,bo_puro,0
bo_puro,13,1,54.849996037366736,bo_puro,0
bo_puro,13,2,77.73170035702005,bo_puro,0
bo_puro,13,3,78.59630393621337,bo_puro,0
bo_puro,13,4,75.28395216332996,bo_puro,0
bo_puro,13,5,75.2175023723533,bo_puro,0
bo_puro,13,6,78.19559677253334,bo_puro,0
bo_puro,13,7,79.06147592269667,bo_puro,0
bo_puro,13,8,25.544838976550015,bo_puro,0
bo_puro,13,9,77.26602071867,bo_puro,0
bo_puro,13,10,79.47947007446326,bo_puro,0
bo_puro,13,11,5.567125996039996,bo_puro,0
bo_puro,13,12,76.00344148562664,bo_puro,0
bo_puro,13,13,79.9690881366199,bo_puro,0
bo_puro,13,14,75.72730354915004,bo_puro,0
bo_puro,13,15,27.941706549530014,bo_puro,0
bo_puro,13,16,75.51279868222663,bo_puro,0
bo_puro,13,17,77.8585028338667,bo_puro,0
bo_puro,13,18,69.86836824796003,bo_puro,0
bo_puro,13,19,80.30780063789673,bo_puro,0
bo_puro,13,20,78.9940553403166,bo_puro,0
bo_puro,13,21,78.88709650439336,bo_puro,0
bo_puro,13,22,81.84758630561666,bo_puro,0
bo_puro,13,23,65.24148957632994,bo_puro,0
bo_puro,13,24,79.43017196599652,bo_puro,0
bo_puro,13,25,80.97831086963,bo_puro,0
bo_puro,13,26,75.49588483037672,bo_puro,0
bo_puro,13,27,28.137674651390043,bo_puro,0
bo_puro,13,28,69.01614955701667,bo_puro,0
bo_puro,13,29,66.0277412582267,bo_puro,0
bo_puro_ucb,13,0,54.540825587966765,bo_puro_ucb,0
bo_puro_ucb,13,1,1.40017135894,bo_puro_ucb,0
bo_puro_ucb,13,2,66.75515367764999,bo_puro_ucb,0
bo_puro_ucb,13,3,73.91458157069998,bo_puro_ucb,0
bo_puro_ucb,13,4,58.29482739847002,bo_puro_ucb,0
bo_puro_ucb,13,5,79.61199895063334,bo_puro_ucb,0
bo_puro_ucb,13,6,58.875921160323365,bo_puro_ucb,0
bo_puro_ucb,13,7,71.88237353946332,bo_puro_ucb,0
bo_puro_ucb,13,8,66.92610851497672,bo_puro_ucb,0
bo_puro_ucb,13,9,43.268693217246664,bo_puro_ucb,0
bo_puro_ucb,13,10,83.25513459356668,bo_puro_ucb,0
bo_puro_ucb,13,11,82.85236500783331,bo_puro_ucb,0
bo_puro_ucb,13,12,29.296780576833335,bo_puro_ucb,0
bo_puro_ucb,13,13,64.94729353369003,bo_puro_ucb,0
bo_puro_ucb,13,14,39.35956639343669,bo_puro_ucb,0
bo_puro_ucb,13,15,79.33491018626663,bo_puro_ucb,0
bo_puro_ucb,13,16,40.95837547132004,bo_puro_ucb,0
bo_puro_ucb,13,17,77.54363117495667,bo_puro_ucb,0
bo_puro_ucb,13,18,66.77471827370002,bo_puro_ucb,0
bo_puro_ucb,13,19,76.29458462150002,bo_puro_ucb,0
bo_puro_ucb,13,20,57.38082481242665,bo_puro_ucb,0
bo_puro_ucb,13,21,4.037542941049999,bo_puro_ucb,0
bo_puro_ucb,13,22,84.86956611619999,bo_puro_ucb,0
bo_puro_ucb,13,23,76.07409476486673,bo_puro_ucb,0
bo_puro_ucb,13,24,66.85334687533333,bo_puro_ucb,0
bo_puro_ucb,13,25,83.62108835623326,bo_puro_ucb,0
bo_puro_ucb,13,26,77.25299510009,bo_puro_ucb,0
bo_puro_ucb,13,27,59.611062332320024,bo_puro_ucb,0
bo_puro_ucb,13,28,36.221010300456676,bo_puro_ucb,0
bo_puro_ucb,13,29,78.22678195175655,bo_puro_ucb,0
multiagente,13,0,60.819607178460004,multiagent,0
multiagente,13,1,57.34765294593339,multiagent,0
multiagente,13,2,78.34195103260673,multiagent,0
multiagente,13,3,28.664025891186682,multiagent,2
multiagente,13,4,64.68956939416003,multiagent,0
multiagente,13,5,56.281947452696635,multiagent,0
multiagente,13,6,74.58503463630328,multiagent,0
multiagente,13,7,48.93774261181334,multiagent,1
multiagente,13,8,78.06965213958999,multiagent,0
multiagente,13,9,63.04485448553332,multiagent,0
multiagente,13,10,81.41513125298323,multiagent,0
multiagente,13,11,77.86132096312325,multiagent,0
multiagente,13,12,83.47853512219997,multiagent,0
multiagente,13,13,27.079379815473356,multiagent,0
multiagente,13,14,85.32062739093327,multiagent,0
multiagente,13,15,84.56566714209994,multiagent,0
multiagente,13,16,70.33407671429667,multiagent,0
multiagente,13,17,68.30306392943,multiagent,0
multiagente,13,18,70.81342807141665,multiagent,0
multiagente,13,19,87.30870822779998,multiagent,0
multiagente,13,20,34.82164874359334,multiagent,0
multiagente,13,21,79.65956724456665,multiagent,0
multiagente,13,22,82.22994699073342,multiagent,0
multiagente,13,23,78.49521904456664,multiagent,0
multiagente,13,24,49.99248680400005,multiagent,0
multiagente,13,25,79.86479515296674,multiagent,0
multiagente,13,26,82.57995069219996,multiagent,1
multiagente,13,27,84.08538284186653,multiagent,0
multiagente,13,28,70.15532163289329,multiagent,0
multiagente,13,29,77.12561772463333,multiagent,0
multiagente_ucb,13,0,56.027599373366705,multiagente_ucb,0
multiagente_ucb,13,1,77.52998082428998,multiagente_ucb,0
multiagente_ucb,13,2,28.686952593336688,multiagente_ucb,1
multiagente_ucb,13,3,60.969458403466746,multiagente_ucb,0
multiagente_ucb,13,4,79.26821391351992,multiagente_ucb,1
multiagente_ucb,13,5,77.30415711702666,multiagente_ucb,2
multiagente_ucb,13,6,77.03792007613002,multiagente_ucb,2
multiagente_ucb,13,7,81.41178299176997,multiagente_ucb,1
multiagente_ucb,13,8,63.17010837366665,multiagente_ucb,0
multiagente_ucb,13,9,76.26139889350002,multiagente_ucb,1
multiagente_ucb,13,10,4.597677968819998,multiagente_ucb,1
multiagente_ucb,13,11,64.26291686363336,multiagente_ucb,1
multiagente_ucb,13,12,49.866146619363356,multiagente_ucb,0
multiagente_ucb,13,13,77.66435182870998,multiagente_ucb,0
multiagente_ucb,13,14,6.787599120213335,multiagente_ucb,0
multiagente_ucb,13,15,76.00209584757339,multiagente_ucb,0
multiagente_ucb,13,16,74.32864672053668,multiagente_ucb,0
multiagente_ucb,13,17,62.30728527012999,multiagente_ucb,0
multiagente_ucb,13,18,77.49579146601995,multiagente_ucb,0
multiagente_ucb,13,19,80.01302078163343,multiagente_ucb,0
multiagente_ucb,13,20,81.31788474764328,multiagente_ucb,0
multiagente_ucb,13,21,76.52491933330008,multiagente_ucb,1
multiagente_ucb,13,22,77.63100372768668,multiagente_ucb,1
multiagente_ucb,13,23,81.02105289728652,multiagente_ucb,1
multiagente_ucb,13,24,76.74873474996006,multiagente_ucb,2
multiagente_ucb,13,25,74.47849421916662,multiagente_ucb,0
multiagente_ucb,13,26,47.59486233629002,multiagente_ucb,0
multiagente_ucb,13,27,79.6754882430367,multiagente_ucb,2
multiagente_ucb,13,28,76.58077894030666,multiagente_ucb,1
multiagente_ucb,13,29,66.93303525786337,multiagente_ucb,0
batch_llm,13,0,61.29885090786665,batch_llm,0
batch_llm,13,1,59.763535199833335,batch_llm,0
batch_llm,13,2,56.95062785903004,batch_llm,0
batch_llm,13,3,80.59577752156326,batch_llm,1
batch_llm,13,4,59.503099490496645,batch_llm,1
batch_llm,13,5,42.33322739063001,batch_llm,0
batch_llm,13,6,64.73578577715672,batch_llm,0
batch_llm,13,7,52.17562924952329,batch_llm,0
batch_llm,13,8,74.77868706601997,batch_llm,1
batch_llm,13,9,83.24442811707996,batch_llm,0
batch_llm,13,10,53.873350230059984,batch_llm,0
batch_llm,13,11,29.647576957066686,batch_llm,1
batch_llm,13,12,8.380677113799988,batch_llm,0
batch_llm,13,13,70.23169905563994,batch_llm,0
batch_llm,13,14,69.76709837143005,batch_llm,0
batch_llm,13,15,41.9721412807,batch_llm,0
batch_llm,13,16,85.02972665798997,batch_llm,0
batch_llm,13,17,67.41266111558669,batch_llm,0
batch_llm,13,18,77.20339848448661,batch_llm,1
batch_llm,13,19,70.57788719664012,batch_llm,0
batch_llm,13,20,79.3742974125433,batch_llm,1
batch_llm,13,21,65.59085365011664,batch_llm,0
batch_llm,13,22,80.08285959416,batch_llm,2
batch_llm,13,23,58.555407505210034,batch_llm,0
batch_llm,13,24,80.38405691002997,batch_llm,0
batch_llm,13,25,86.33274879713329,batch_llm,1
batch_llm,13,26,62.13645391217997,batch_llm,0
batch_llm,13,27,64.79225652475664,batch_llm,1
batch_llm,13,28,76.38652198809001,batch_llm,1
batch_llm,13,29,84.34307827286662,batch_llm,0
batch_llm_ucb,13,0,38.439540105953384,batch_llm_ucb,1
batch_llm_ucb,13,1,25.506992920380014,batch_llm_ucb,0
batch_llm_ucb,13,2,57.968427482863405,batch_llm_ucb,0
batch_llm_ucb,13,3,63.7059142624,batch_llm_ucb,0
batch_llm_ucb,13,4,23.26763678333,batch_llm_ucb,0
batch_llm_ucb,13,5,66.38661620782663,batch_llm_ucb,0
batch_llm_ucb,13,6,78.96132720481324,batch_llm_ucb,1
batch_llm_ucb,13,7,75.6882008035,batch_llm_ucb,1
batch_llm_ucb,13,8,80.15518739132325,batch_llm_ucb,1
batch_llm_ucb,13,9,80.48988073582332,batch_llm_ucb,1
batch_llm_ucb,13,10,59.730544401,batch_llm_ucb,1
batch_llm_ucb,13,11,45.816130305773335,batch_llm_ucb,0
batch_llm_ucb,13,12,75.26469492175659,batch_llm_ucb,2
batch_llm_ucb,13,13,79.1108405658399,batch_llm_ucb,1
batch_llm_ucb,13,14,71.46658870999002,batch_llm_ucb,1
batch_llm_ucb,13,15,27.747815725419976,batch_llm_ucb,0
batch_llm_ucb,13,16,84.17619571896667,batch_llm_ucb,0
batch_llm_ucb,13,17,79.05363615306678,batch_llm_ucb,1
batch_llm_ucb,13,18,9.579651046473327,batch_llm_ucb,0
batch_llm_ucb,13,19,80.98086896916666,batch_llm_ucb,1
batch_llm_ucb,13,20,68.08979136823328,batch_llm_ucb,0
batch_llm_ucb,13,21,24.774554105640014,batch_llm_ucb,0
batch_llm_ucb,13,22,80.11728192916661,batch_llm_ucb,1
batch_llm_ucb,13,23,63.954049257066714,batch_llm_ucb,1
batch_llm_ucb,13,24,84.52119120470003,batch_llm_ucb,1
batch_llm_ucb,13,25,74.55509273243332,batch_llm_ucb,0
batch_llm_ucb,13,26,81.97881802476671,batch_llm_ucb,1
batch_llm_ucb,13,27,79.9998603759233,batch_llm_ucb,1
batch_llm_ucb,13,28,62.79887090153331,batch_llm_ucb,0
batch_llm_ucb,13,29,83.3357562448333,batch_llm_ucb,1
bo_puro,14,0,75.73670741595332,bo_puro,0
bo_puro,14,1,69.30561928282668,bo_puro,0
bo_puro,14,2,81.75230122470333,bo_puro,0
bo_puro,14,3,30.604476418053334,bo_puro,0
bo_puro,14,4,78.42629219449998,bo_puro,0
bo_puro,14,5,71.49788168839997,bo_puro,0
bo_puro,14,6,18.334980434719984,bo_puro,0
bo_puro,14,7,77.39862098739987,bo_puro,0
bo_puro,14,8,69.79977636237994,bo_puro,0
bo_puro,14,9,36.091246294973324,bo_puro,0
bo_puro,14,10,83.9549437977434,bo_puro,0
bo_puro,14,11,30.467555863123348,bo_puro,0
bo_puro,14,12,33.97787144946334,bo_puro,0
bo_puro,14,13,40.333984012746676,bo_puro,0
bo_puro,14,14,72.90614676984657,bo_puro,0
bo_puro,14,15,73.59669175039994,bo_puro,0
bo_puro,14,16,81.67706810336335,bo_puro,0
bo_puro,14,17,79.7913499432467,bo_puro,0
bo_puro,14,18,87.37247761453337,bo_puro,0
bo_puro,14,19,27.36231823076999,bo_puro,0
bo_puro,14,20,71.77892740017661,bo_puro,0
bo_puro,14,21,34.006113110090006,bo_puro,0
bo_puro,14,22,80.28602560217328,bo_puro,0
bo_puro,14,23,90.02915210849656,bo_puro,0
bo_puro,14,24,89.10543400386668,bo_puro,0
bo_puro,14,25,81.71259272173334,bo_puro,0
bo_puro,14,26,70.53159402713331,bo_puro,0
bo_puro,14,27,86.59318255906338,bo_puro,0
bo_puro,14,28,48.78811628516668,bo_puro,0
bo_puro,14,29,77.74516072541333,bo_puro,0
bo_puro_ucb,14,0,69.35681038326666,bo_puro_ucb,0
bo_puro_ucb,14,1,34.93246583333003,bo_puro_ucb,0
bo_puro_ucb,14,2,73.49287107056331,bo_puro_ucb,0
bo_puro_ucb,14,3,76.44426557561334,bo_puro_ucb,0
bo_puro_ucb,14,4,70.67408546132665,bo_puro_ucb,0
bo_puro_ucb,14,5,21.04349562978,bo_puro_ucb,0
bo_puro_ucb,14,6,44.380299699876716,bo_puro_ucb,0
bo_puro_ucb,14,7,70.86993629156005,bo_puro_ucb,0
bo_puro_ucb,14,8,31.00785097939334,bo_puro_ucb,0
bo_puro_ucb,14,9,26.94646130100999,bo_puro_ucb,0
bo_puro_ucb,14,10,69.74234732486333,bo_puro_ucb,0
bo_puro_ucb,14,11,65.35330369735331,bo_puro_ucb,0
bo_puro_ucb,14,12,77.48297633735994,bo_puro_ucb,0
bo_puro_ucb,14,13,70.85294231626666,bo_puro_ucb,0
bo_puro_ucb,14,14,72.77882941892338,bo_puro_ucb,0
bo_puro_ucb,14,15,72.86843195993664,bo_puro_ucb,0
bo_puro_ucb,14,16,30.20213947541001,bo_puro_ucb,0
bo_puro_ucb,14,17,70.29575198761333,bo_puro_ucb,0
bo_puro_ucb,14,18,69.96830973872665,bo_puro_ucb,0
bo_puro_ucb,14,19,80.54412685372321,bo_puro_ucb,0
bo_puro_ucb,14,20,72.94785452037995,bo_puro_ucb,0
bo_puro_ucb,14,21,81.69303754686663,bo_puro_ucb,0
bo_puro_ucb,14,22,48.125843422570036,bo_puro_ucb,0
bo_puro_ucb,14,23,6.043202179476663,bo_puro_ucb,0
bo_puro_ucb,14,24,71.16128691499998,bo_puro_ucb,0
bo_puro_ucb,14,25,81.2658297891033,bo_puro_ucb,0
bo_puro_ucb,14,26,80.42700324689991,bo_puro_ucb,0
bo_puro_ucb,14,27,73.62309299838996,bo_puro_ucb,0
bo_puro_ucb,14,28,80.2934083485,bo_puro_ucb,0
bo_puro_ucb,14,29,70.84458791563998,bo_puro_ucb,0
multiagente,14,0,75.12430426691662,multiagent,1
multiagente,14,1,74.79275130861991,multiagent,0
multiagente,14,2,67.91266798431334,multiagent,0
multiagente,14,3,71.91396493840003,multiagent,0
multiagente,14,4,35.20235371895002,multiagent,1
multiagente,14,5,71.13705017428,multiagent,0
multiagente,14,6,27.314778030230027,multiagent,0
multiagente,14,7,74.76331398273994,multiagent,0
multiagente,14,8,70.85730787504332,multiagent,1
multiagente,14,9,40.56500733738335,multiagent,0
multiagente,14,10,31.928286220243347,multiagent,0
multiagente,14,11,73.53877726922998,multiagent,0
multiagente,14,12,71.4777379796266,multiagent,1
multiagente,14,13,69.53797295664998,multiagent,0
multiagente,14,14,73.34777335767666,multiagent,0
multiagente,14,15,72.1232109373767,multiagent,1
multiagente,14,16,62.05409991665667,multiagent,0
multiagente,14,17,72.1864749384333,multiagent,1
multiagente,14,18,72.32404695416669,multiagent,0
multiagente,14,19,68.67549006172999,multiagent,2
multiagente,14,20,72.66195815799001,multiagent,1
multiagente,14,21,24.28591192123,multiagent,1
multiagente,14,22,32.88074091995336,multiagent,0
multiagente,14,23,68.68541792971,multiagent,0
multiagente,14,24,74.53728317596331,bo_fallback,3
multiagente,14,25,50.62549127852002,multiagent,1
multiagente,14,26,71.7212786930666,multiagent,1
multiagente,14,27,61.99918476873338,multiagent,1
multiagente,14,28,70.74243361068662,multiagent,1
multiagente,14,29,73.72343170701993,multiagent,2
multiagente_ucb,14,0,36.74179323439667,multiagente_ucb,1
multiagente_ucb,14,1,31.86983306416668,multiagente_ucb,0
multiagente_ucb,14,2,66.14077092763335,multiagente_ucb,0
multiagente_ucb,14,3,69.25534272180336,multiagente_ucb,0
multiagente_ucb,14,4,71.12580696993668,multiagente_ucb,2
multiagente_ucb,14,5,6.031166101933337,multiagente_ucb,0
multiagente_ucb,14,6,45.73029896204667,multiagente_ucb,0
multiagente_ucb,14,7,74.71446681581997,multiagente_ucb,0
multiagente_ucb,14,8,46.305239545026666,multiagente_ucb,1
multiagente_ucb,14,9,59.339940692870044,multiagente_ucb,0
multiagente_ucb,14,10,73.48756942796663,multiagente_ucb,2
multiagente_ucb,14,11,29.444862708916688,multiagente_ucb,0
multiagente_ucb,14,12,33.56685237297336,multiagente_ucb,0
multiagente_ucb,14,13,72.31452453275665,multiagente_ucb,1
multiagente_ucb,14,14,32.032024295933354,multiagente_ucb,0
multiagente_ucb,14,15,79.00372531826662,multiagente_ucb,0
multiagente_ucb,14,16,69.75659745935333,multiagente_ucb,1
multiagente_ucb,14,17,41.7173761616267,multiagente_ucb,0
multiagente_ucb,14,18,67.90873925240675,multiagente_ucb,0
multiagente_ucb,14,19,65.72690121716,multiagente_ucb,0
multiagente_ucb,14,20,65.9441386674666,multiagente_ucb,1
multiagente_ucb,14,21,70.94619132720334,multiagente_ucb,2
multiagente_ucb,14,22,80.3460483659633,multiagente_ucb,0
multiagente_ucb,14,23,80.41559032023339,multiagente_ucb,0
multiagente_ucb,14,24,67.89254489549666,multiagente_ucb,1
multiagente_ucb,14,25,71.18933219533997,multiagente_ucb,1
multiagente_ucb,14,26,77.93540640890002,multiagente_ucb,2
multiagente_ucb,14,27,80.09343131372992,multiagente_ucb,2
multiagente_ucb,14,28,29.778095069653308,multiagente_ucb,1
multiagente_ucb,14,29,71.89069329253995,multiagente_ucb,2
batch_llm,14,0,29.159625304770017,batch_llm,0
batch_llm,14,1,51.45994299602997,batch_llm,0
batch_llm,14,2,65.89891235348004,batch_llm,0
batch_llm,14,3,79.16593639363332,batch_llm,1
batch_llm,14,4,68.6613967122299,batch_llm,0
batch_llm,14,5,25.946159830189995,batch_llm,0
batch_llm,14,6,36.62570716344336,batch_llm,0
batch_llm,14,7,69.06112642211333,batch_llm,1
batch_llm,14,8,67.8736636807933,batch_llm,0
batch_llm,14,9,80.7174213497766,batch_llm,0
batch_llm,14,10,46.09812270018999,batch_llm,0
batch_llm,14,11,75.88225052523337,batch_llm,0
batch_llm,14,12,77.38679740883333,batch_llm,0
batch_llm,14,13,36.13638511261339,batch_llm,0
batch_llm,14,14,72.25078732175666,batch_llm,0
batch_llm,14,15,76.82104657339666,bo_fallback,3
batch_llm,14,16,78.97590403756669,batch_llm,1
batch_llm,14,17,28.995885974273346,batch_llm,0
batch_llm,14,18,65.65336399719664,batch_llm,0
batch_llm,14,19,74.35689559165328,batch_llm,0
batch_llm,14,20,70.91309044113004,batch_llm,1
batch_llm,14,21,75.44341069115995,batch_llm,1
batch_llm,14,22,80.40656769220331,batch_llm,1
batch_llm,14,23,60.69929117199995,batch_llm,0
batch_llm,14,24,70.47335013682336,batch_llm,1
batch_llm,14,25,77.36325305046665,batch_llm,1
batch_llm,14,26,77.68640025991,batch_llm,2
batch_llm,14,27,79.74053689616663,batch_llm,1
batch_llm,14,28,81.24973485273328,batch_llm,1
batch_llm,14,29,77.36936474153333,bo_fallback,3
batch_llm_ucb,14,0,67.72251235887002,batch_llm_ucb,1
batch_llm_ucb,14,1,4.124222273983334,batch_llm_ucb,0
batch_llm_ucb,14,2,75.2217796339066,batch_llm_ucb,1
batch_llm_ucb,14,3,42.525891295316676,batch_llm_ucb,1
batch_llm_ucb,14,4,68.85964723325331,batch_llm_ucb,1
batch_llm_ucb,14,5,75.46111550684664,batch_llm_ucb,0
batch_llm_ucb,14,6,69.8856539754266,bo_fallback_ucb,3
batch_llm_ucb,14,7,4.552882194780003,batch_llm_ucb,0
batch_llm_ucb,14,8,32.70458073823003,batch_llm_ucb,1
batch_llm_ucb,14,9,72.64640226545662,batch_llm_ucb,2
batch_llm_ucb,14,10,42.30737884720667,batch_llm_ucb,1
batch_llm_ucb,14,11,71.27986286989001,batch_llm_ucb,0
batch_llm_ucb,14,12,74.19978206244988,batch_llm_ucb,1
batch_llm_ucb,14,13,55.414651229143395,batch_llm_ucb,1
batch_llm_ucb,14,14,77.95690303120006,batch_llm_ucb,1
batch_llm_ucb,14,15,66.2156685957933,batch_llm_ucb,1
batch_llm_ucb,14,16,25.527074754059992,batch_llm_ucb,1
batch_llm_ucb,14,17,46.143840658916666,batch_llm_ucb,1
batch_llm_ucb,14,18,71.58494464645,batch_llm_ucb,1
batch_llm_ucb,14,19,63.63964164346666,batch_llm_ucb,0
batch_llm_ucb,14,20,70.69392405957666,batch_llm_ucb,1
batch_llm_ucb,14,21,68.09537507817997,batch_llm_ucb,1
batch_llm_ucb,14,22,72.23767457071332,batch_llm_ucb,1
batch_llm_ucb,14,23,50.71561858381332,batch_llm_ucb,0
batch_llm_ucb,14,24,24.595555559649977,batch_llm_ucb,0
batch_llm_ucb,14,25,54.76618484979334,batch_llm_ucb,0
batch_llm_ucb,14,26,68.68117485663667,batch_llm_ucb,1
batch_llm_ucb,14,27,73.44329318243337,batch_llm_ucb,1
batch_llm_ucb,14,28,47.371320809989996,bo_fallback_ucb,3
batch_llm_ucb,14,29,72.37900898595665,batch_llm_ucb,1
bo_puro,15,0,77.83464656536003,bo_puro,0
bo_puro,15,1,82.97064986236323,bo_puro,0
bo_puro,15,2,31.856198017123326,bo_puro,0
bo_puro,15,3,74.78078219835335,bo_puro,0
bo_puro,15,4,69.17309320022663,bo_puro,0
bo_puro,15,5,57.28766658102999,bo_puro,0
bo_puro,15,6,84.4074877281667,bo_puro,0
bo_puro,15,7,65.12686797194672,bo_puro,0
bo_puro,15,8,77.22591332618332,bo_puro,0
bo_puro,15,9,83.86258672129675,bo_puro,0
bo_puro,15,10,60.96618248757666,bo_puro,0
bo_puro,15,11,82.14934922733346,bo_puro,0
bo_puro,15,12,85.30173901163333,bo_puro,0
bo_puro,15,13,12.906834870723324,bo_puro,0
bo_puro,15,14,80.12139275882674,bo_puro,0
bo_puro,15,15,77.79499018646005,bo_puro,0
bo_puro,15,16,80.87102524882343,bo_puro,0
bo_puro,15,17,84.57557393119669,bo_puro,0
bo_puro,15,18,83.52320875640002,bo_puro,0
bo_puro,15,19,44.35253479751003,bo_puro,0
bo_puro,15,20,81.37681933286342,bo_puro,0
bo_puro,15,21,83.29650885146657,bo_puro,0
bo_puro,15,22,80.81480240493012,bo_puro,0
bo_puro,15,23,82.71714913023338,bo_puro,0
bo_puro,15,24,72.14188615803009,bo_puro,0
bo_puro,15,25,72.21586535128677,bo_puro,0
bo_puro,15,26,78.48860239459334,bo_puro,0
bo_puro,15,27,69.10073653299673,bo_puro,0
bo_puro,15,28,87.44728235503341,bo_puro,0
bo_puro,15,29,80.13259048513343,bo_puro,0
bo_puro_ucb,15,0,78.73671305216672,bo_puro_ucb,0
bo_puro_ucb,15,1,74.84749903414655,bo_puro_ucb,0
bo_puro_ucb,15,2,74.23312033728341,bo_puro_ucb,0
bo_puro_ucb,15,3,76.38802558878325,bo_puro_ucb,0
bo_puro_ucb,15,4,87.52536654403335,bo_puro_ucb,0
bo_puro_ucb,15,5,87.91484199713332,bo_puro_ucb,0
bo_puro_ucb,15,6,22.13662723185667,bo_puro_ucb,0
bo_puro_ucb,15,7,77.3069931159268,bo_puro_ucb,0
bo_puro_ucb,15,8,84.97418293073333,bo_puro_ucb,0
bo_puro_ucb,15,9,88.6539606975999,bo_puro_ucb,0
bo_puro_ucb,15,10,51.976367712320034,bo_puro_ucb,0
bo_puro_ucb,15,11,82.74283242726337,bo_puro_ucb,0
bo_puro_ucb,15,12,39.61574739996664,bo_puro_ucb,0
bo_puro_ucb,15,13,83.4503310436333,bo_puro_ucb,0
bo_puro_ucb,15,14,24.261163113013307,bo_puro_ucb,0
bo_puro_ucb,15,15,81.56421078340003,bo_puro_ucb,0
bo_puro_ucb,15,16,85.14459920729979,bo_puro_ucb,0
bo_puro_ucb,15,17,28.699557017096687,bo_puro_ucb,0
bo_puro_ucb,15,18,86.50366529606669,bo_puro_ucb,0
bo_puro_ucb,15,19,88.15985808466668,bo_puro_ucb,0
bo_puro_ucb,15,20,45.842780839500065,bo_puro_ucb,0
bo_puro_ucb,15,21,73.16728878007007,bo_puro_ucb,0
bo_puro_ucb,15,22,51.1908755155334,bo_puro_ucb,0
bo_puro_ucb,15,23,55.28622741899003,bo_puro_ucb,0
bo_puro_ucb,15,24,87.29163653745003,bo_puro_ucb,0
bo_puro_ucb,15,25,84.65568478826673,bo_puro_ucb,0
bo_puro_ucb,15,26,83.76201079496677,bo_puro_ucb,0
bo_puro_ucb,15,27,86.99446302223328,bo_puro_ucb,0
bo_puro_ucb,15,28,88.63522798720001,bo_puro_ucb,0
bo_puro_ucb,15,29,67.14583475645328,bo_puro_ucb,0
multiagente,15,0,77.83464656536003,multiagent,0
multiagente,15,1,60.743749092093374,multiagent,0
multiagente,15,2,72.85449876046668,bo_fallback,3
multiagente,15,3,78.71057887286342,multiagent,1
multiagente,15,4,76.28741143642331,multiagent,0
multiagente,15,5,51.28173688171668,multiagent,0
multiagente,15,6,68.77924657996996,multiagent,0
multiagente,15,7,67.55549427371999,multiagent,0
multiagente,15,8,67.23077194045672,multiagent,0
multiagente,15,9,58.37262325926665,multiagent,0
multiagente,15,10,76.83379114264672,multiagent,0
multiagente,15,11,74.89046437696669,multiagent,0
multiagente,15,12,10.474660814756662,multiagent,0
multiagente,15,13,75.10429769660006,multiagent,1
multiagente,15,14,63.993047625399996,multiagent,0
multiagente,15,15,76.2200032214334,multiagent,0
multiagente,15,16,76.38236413411667,multiagent,0
multiagente,15,17,76.70493745503005,multiagent,1
multiagente,15,18,80.46666671203337,bo_fallback,3
multiagente,15,19,70.40129135823003,multiagent,1
multiagente,15,20,42.62506674595668,multiagent,0
multiagente,15,21,52.606244091046705,multiagent,0
multiagente,15,22,75.87368416009335,multiagent,1
multiagente,15,23,74.20518715475336,multiagent,0
multiagente,15,24,76.73864981556332,multiagent,0
multiagente,15,25,78.45858222790007,multiagent,0
multiagente,15,26,74.72529931086665,multiagent,0
multiagente,15,27,78.98465546859676,multiagent,0
multiagente,15,28,61.3280861154033,multiagent,0
multiagente,15,29,60.7669262690767,multiagent,0
multiagente_ucb,15,0,78.73671305216672,multiagente_ucb,0
multiagente_ucb,15,1,74.84749903414655,multiagente_ucb,0
multiagente_ucb,15,2,76.40006200668324,multiagente_ucb,0
multiagente_ucb,15,3,81.1898640989232,multiagente_ucb,1
multiagente_ucb,15,4,57.898624139406664,multiagente_ucb,0
multiagente_ucb,15,5,55.58705487429007,multiagente_ucb,0
multiagente_ucb,15,6,82.71845482260333,multiagente_ucb,1
multiagente_ucb,15,7,82.72108459266664,multiagente_ucb,1
multiagente_ucb,15,8,35.79982732095668,multiagente_ucb,0
multiagente_ucb,15,9,77.34772294198328,multiagente_ucb,2
multiagente_ucb,15,10,78.87587084340004,multiagente_ucb,1
multiagente_ucb,15,11,72.01586017979007,multiagente_ucb,0
multiagente_ucb,15,12,42.458538283533365,multiagente_ucb,0
multiagente_ucb,15,13,66.81338931333336,multiagente_ucb,1
multiagente_ucb,15,14,76.88173429346674,multiagente_ucb,1
multiagente_ucb,15,15,35.96381740314665,multiagente_ucb,0
multiagente_ucb,15,16,61.294707948363396,multiagente_ucb,0
multiagente_ucb,15,17,59.80469583076666,multiagente_ucb,1
multiagente_ucb,15,18,77.15151210401005,multiagente_ucb,1
multiagente_ucb,15,19,73.51009025569341,multiagente_ucb,1
multiagente_ucb,15,20,72.76785399976005,multiagente_ucb,2
multiagente_ucb,15,21,73.03428985995339,multiagente_ucb,1
multiagente_ucb,15,22,79.90088708803337,multiagente_ucb,1
multiagente_ucb,15,23,53.751343598603334,multiagente_ucb,1
multiagente_ucb,15,24,79.60709222501,multiagente_ucb,1
multiagente_ucb,15,25,77.14706631930007,multiagente_ucb,1
multiagente_ucb,15,26,78.71516266830007,multiagente_ucb,1
multiagente_ucb,15,27,81.26592674793338,multiagente_ucb,1
multiagente_ucb,15,28,78.48307944823337,multiagente_ucb,1
multiagente_ucb,15,29,79.85271900130006,multiagente_ucb,1
batch_llm,15,0,35.21504195311335,batch_llm,0
batch_llm,15,1,64.20645397674342,batch_llm,1
batch_llm,15,2,70.25133845677664,batch_llm,1
batch_llm,15,3,78.67606721126334,batch_llm,0
batch_llm,15,4,45.394662686376684,batch_llm,0
batch_llm,15,5,77.1880933125333,batch_llm,0
batch_llm,15,6,57.501411880143365,batch_llm,0
batch_llm,15,7,67.90138891766999,batch_llm,0
batch_llm,15,8,76.9455958324366,batch_llm,0
batch_llm,15,9,67.64651969498327,batch_llm,0
batch_llm,15,10,73.24028310394002,batch_llm,0
batch_llm,15,11,76.59498703437004,batch_llm,1
batch_llm,15,12,79.63091311129992,batch_llm,2
batch_llm,15,13,83.40411877063997,batch_llm,0
batch_llm,15,14,38.26498642965667,batch_llm,0
batch_llm,15,15,13.485408998286676,batch_llm,0
batch_llm,15,16,5.45641987653667,batch_llm,0
batch_llm,15,17,66.69359932863335,batch_llm,0
batch_llm,15,18,46.26221625539994,batch_llm,0
batch_llm,15,19,77.63045179726333,batch_llm,0
batch_llm,15,20,77.59010437032997,bo_fallback,3
batch_llm,15,21,76.67719460008334,batch_llm,1
batch_llm,15,22,84.68002115746664,batch_llm,0
batch_llm,15,23,54.69559261390002,batch_llm,0
batch_llm,15,24,45.999481238166666,batch_llm,1
batch_llm,15,25,66.47511731767007,batch_llm,1
batch_llm,15,26,50.106491613606636,batch_llm,1
batch_llm,15,27,3.749056101066668,batch_llm,0
batch_llm,15,28,30.35909643862666,batch_llm,0
batch_llm,15,29,65.95774735263662,batch_llm,0
batch_llm_ucb,15,0,77.3158838877,batch_llm_ucb,0
batch_llm_ucb,15,1,79.79237742350001,batch_llm_ucb,2
batch_llm_ucb,15,2,40.110481999526684,batch_llm_ucb,0
batch_llm_ucb,15,3,81.03499267670003,batch_llm_ucb,1
batch_llm_ucb,15,4,39.47730294469002,batch_llm_ucb,0
batch_llm_ucb,15,5,81.30515228382662,batch_llm_ucb,2
batch_llm_ucb,15,6,77.55733162406997,batch_llm_ucb,1
batch_llm_ucb,15,7,17.659563276629992,batch_llm_ucb,0
batch_llm_ucb,15,8,83.36485242643342,batch_llm_ucb,0
batch_llm_ucb,15,9,71.48910105510328,batch_llm_ucb,0
batch_llm_ucb,15,10,76.60326405806664,batch_llm_ucb,0
batch_llm_ucb,15,11,57.027148068853386,batch_llm_ucb,0
batch_llm_ucb,15,12,80.88253410876665,batch_llm_ucb,1
batch_llm_ucb,15,13,80.24113950229658,batch_llm_ucb,1
batch_llm_ucb,15,14,78.33430851656665,batch_llm_ucb,1
batch_llm_ucb,15,15,75.51969990216665,batch_llm_ucb,0
batch_llm_ucb,15,16,80.06966147361,batch_llm_ucb,1
batch_llm_ucb,15,17,77.79951448553334,batch_llm_ucb,1
batch_llm_ucb,15,18,42.12937105018002,batch_llm_ucb,0
batch_llm_ucb,15,19,57.11409606843665,batch_llm_ucb,0
batch_llm_ucb,15,20,73.3720042137667,batch_llm_ucb,1
batch_llm_ucb,15,21,82.77944281512674,batch_llm_ucb,0
batch_llm_ucb,15,22,39.7539480273,batch_llm_ucb,0
batch_llm_ucb,15,23,75.86831024076008,bo_fallback_ucb,3
batch_llm_ucb,15,24,54.732186989256675,batch_llm_ucb,1
batch_llm_ucb,15,25,70.97149153066665,batch_llm_ucb,0
batch_llm_ucb,15,26,67.60942930442675,batch_llm_ucb,1
batch_llm_ucb,15,27,74.19479321384999,batch_llm_ucb,2
batch_llm_ucb,15,28,46.847841390816704,batch_llm_ucb,2
batch_llm_ucb,15,29,59.902618441596665,batch_llm_ucb,0
bo_puro,16,0,72.32280490670998,bo_puro,0
bo_puro,16,1,54.076797242033315,bo_puro,0
bo_puro,16,2,70.30269601486337,bo_puro,0
bo_puro,16,3,76.38585387793009,bo_puro,0
bo_puro,16,4,28.28726567959998,bo_puro,0
bo_puro,16,5,58.71767909722341,bo_puro,0
bo_puro,16,6,72.74289094894675,bo_puro,0
bo_puro,16,7,73.75219570757001,bo_puro,0
bo_puro,16,8,78.78656780259337,bo_puro,0
bo_puro,16,9,62.00981656793002,bo_puro,0
bo_puro,16,10,48.68648587283667,bo_puro,0
bo_puro,16,11,49.02290310826663,bo_puro,0
bo_puro,16,12,82.29409561463332,bo_puro,0
bo_puro,16,13,45.263131035000015,bo_puro,0
bo_puro,16,14,62.94388491652011,bo_puro,0
bo_puro,16,15,77.73607401096338,bo_puro,0
bo_puro,16,16,73.6983023285334,bo_puro,0
bo_puro,16,17,81.70601583983334,bo_puro,0
bo_puro,16,18,49.15461741143327,bo_puro,0
bo_puro,16,19,77.40557375223341,bo_puro,0
bo_puro,16,20,82.1266364350668,bo_puro,0
bo_puro,16,21,82.88526038486668,bo_puro,0
bo_puro,16,22,65.53229025458003,bo_puro,0
bo_puro,16,23,85.2459907922334,bo_puro,0
bo_puro,16,24,81.82214810863339,bo_puro,0
bo_puro,16,25,87.31206391916669,bo_puro,0
bo_puro,16,26,78.90733588470007,bo_puro,0
bo_puro,16,27,83.10530625113329,bo_puro,0
bo_puro,16,28,86.68149399763338,bo_puro,0
bo_puro,16,29,81.03642281297995,bo_puro,0
bo_puro_ucb,16,0,72.70176198174332,bo_puro_ucb,0
bo_puro_ucb,16,1,53.8590627371667,bo_puro_ucb,0
bo_puro_ucb,16,2,50.78858026876666,bo_puro_ucb,0
bo_puro_ucb,16,3,62.224338660096706,bo_puro_ucb,0
bo_puro_ucb,16,4,76.3276044444,bo_puro_ucb,0
bo_puro_ucb,16,5,79.03492512906664,bo_puro_ucb,0
bo_puro_ucb,16,6,76.94321867696671,bo_puro_ucb,0
bo_puro_ucb,16,7,71.16751276109993,bo_puro_ucb,0
bo_puro_ucb,16,8,82.84306219356678,bo_puro_ucb,0
bo_puro_ucb,16,9,58.882248446166635,bo_puro_ucb,0
bo_puro_ucb,16,10,70.86378438283334,bo_puro_ucb,0
bo_puro_ucb,16,11,73.84708503339665,bo_puro_ucb,0
bo_puro_ucb,16,12,66.23771535273339,bo_puro_ucb,0
bo_puro_ucb,16,13,55.60616177917665,bo_puro_ucb,0
bo_puro_ucb,16,14,41.92367925123999,bo_puro_ucb,0
bo_puro_ucb,16,15,61.68456405373336,bo_puro_ucb,0
bo_puro_ucb,16,16,77.60611646426676,bo_puro_ucb,0
bo_puro_ucb,16,17,88.23808062849997,bo_puro_ucb,0
bo_puro_ucb,16,18,84.81876660186668,bo_puro_ucb,0
bo_puro_ucb,16,19,79.14583097380002,bo_puro_ucb,0
bo_puro_ucb,16,20,89.14921132463328,bo_puro_ucb,0
bo_puro_ucb,16,21,80.32275857820005,bo_puro_ucb,0
bo_puro_ucb,16,22,86.35314854039994,bo_puro_ucb,0
bo_puro_ucb,16,23,86.15634504883332,bo_puro_ucb,0
bo_puro_ucb,16,24,82.20071391333333,bo_puro_ucb,0
bo_puro_ucb,16,25,89.75315839433328,bo_puro_ucb,0
bo_puro_ucb,16,26,88.3766651866999,bo_puro_ucb,0
bo_puro_ucb,16,27,91.74027878279995,bo_puro_ucb,0
bo_puro_ucb,16,28,45.38572549819,bo_puro_ucb,0
bo_puro_ucb,16,29,89.98041812116655,bo_puro_ucb,0
multiagente,16,0,72.56006256900997,multiagent,0
multiagente,16,1,73.23483030150666,multiagent,2
multiagente,16,2,1.5770625015499986,multiagent,0
multiagente,16,3,76.6857969615967,multiagent,0
multiagente,16,4,48.81106575734002,multiagent,0
multiagente,16,5,71.90574719370008,multiagent,0
multiagente,16,6,66.54370821991664,multiagent,0
multiagente,16,7,72.37648530869333,bo_fallback,3
multiagente,16,8,63.89923669800001,multiagent,0
multiagente,16,9,80.43150994024661,multiagent,0
multiagente,16,10,76.44275260942338,multiagent,0
multiagente,16,11,76.66968618789333,multiagent,0
multiagente,16,12,78.50840762486342,multiagent,1
multiagente,16,13,78.45511724559341,multiagent,1
multiagente,16,14,77.59161027134671,multiagent,1
multiagente,16,15,80.44705573994331,multiagent,2
multiagente,16,16,77.30875141871329,multiagent,2
multiagente,16,17,64.69882304623334,multiagent,1
multiagente,16,18,40.89067882305996,multiagent,0
multiagente,16,19,73.7567516843667,multiagent,1
multiagente,16,20,73.77597379216672,multiagent,1
multiagente,16,21,77.57346093141001,multiagent,1
multiagente,16,22,78.85382050354666,multiagent,0
multiagente,16,23,72.92149053735656,multiagent,2
multiagente,16,24,75.9718624699767,bo_fallback,3
multiagente,16,25,80.7962731415999,multiagent,0
multiagente,16,26,78.35746999697328,multiagent,1
multiagente,16,27,76.44588516710324,multiagent,2
multiagente,16,28,78.28257246724,multiagent,1
multiagente,16,29,73.71267818592663,multiagent,2
multiagente_ucb,16,0,72.76785673470998,multiagente_ucb,0
multiagente_ucb,16,1,59.326367617666776,multiagente_ucb,0
multiagente_ucb,16,2,51.0144784749,multiagente_ucb,0
multiagente_ucb,16,3,65.39992478759005,multiagente_ucb,0
multiagente_ucb,16,4,53.58547069186677,multiagente_ucb,0
multiagente_ucb,16,5,67.51358135223332,multiagente_ucb,0
multiagente_ucb,16,6,77.59861717233338,multiagente_ucb,0
multiagente_ucb,16,7,78.25482742320662,multiagente_ucb,1
multiagente_ucb,16,8,78.55802523930011,multiagente_ucb,0
multiagente_ucb,16,9,84.48915281560005,multiagente_ucb,1
multiagente_ucb,16,10,78.85161205653323,multiagente_ucb,1
multiagente_ucb,16,11,74.56249839976662,multiagente_ucb,0
multiagente_ucb,16,12,84.7596916614,multiagente_ucb,1
multiagente_ucb,16,13,78.64821489423332,multiagente_ucb,2
multiagente_ucb,16,14,78.95466191210008,multiagente_ucb,2
multiagente_ucb,16,15,80.86275058203336,multiagente_ucb,1
multiagente_ucb,16,16,84.88673625093331,bo_fallback_ucb,3
multiagente_ucb,16,17,83.33969725546655,multiagente_ucb,2
multiagente_ucb,16,18,77.37334559563332,multiagente_ucb,1
multiagente_ucb,16,19,84.43784511466663,multiagente_ucb,2
multiagente_ucb,16,20,49.439169177200014,bo_fallback_ucb,3
multiagente_ucb,16,21,86.29344552919996,multiagente_ucb,0
multiagente_ucb,16,22,86.97975991546657,multiagente_ucb,1
multiagente_ucb,16,23,68.27596379309998,bo_fallback_ucb,3
multiagente_ucb,16,24,39.41759798895337,multiagente_ucb,0
multiagente_ucb,16,25,81.9841980614666,bo_fallback_ucb,3
multiagente_ucb,16,26,80.73551018619997,multiagente_ucb,2
multiagente_ucb,16,27,91.54645148889992,multiagente_ucb,2
multiagente_ucb,16,28,77.9311340193134,bo_fallback_ucb,3
multiagente_ucb,16,29,76.89320551863325,multiagente_ucb,2
batch_llm,16,0,19.038927463659974,batch_llm,1
batch_llm,16,1,9.123283923086667,batch_llm,0
batch_llm,16,2,67.94366341626669,batch_llm,2
batch_llm,16,3,69.84504865156339,batch_llm,0
batch_llm,16,4,51.152242162990014,batch_llm,0
batch_llm,16,5,64.81808218855339,batch_llm,0
batch_llm,16,6,62.41709059173337,batch_llm,0
batch_llm,16,7,31.49221522465999,batch_llm,0
batch_llm,16,8,62.1466049254333,batch_llm,0
batch_llm,16,9,60.964478891306726,batch_llm,0
batch_llm,16,10,42.515287299053334,batch_llm,0
batch_llm,16,11,69.70955375803338,batch_llm,0
batch_llm,16,12,76.55279609057675,batch_llm,1
batch_llm,16,13,74.13877066050003,batch_llm,0
batch_llm,16,14,72.37063297280002,batch_llm,0
batch_llm,16,15,65.51446252443337,batch_llm,0
batch_llm,16,16,57.95158080280009,batch_llm,0
batch_llm,16,17,27.99354347796998,batch_llm,0
batch_llm,16,18,67.80010347303336,batch_llm,0
batch_llm,16,19,69.69667896899666,batch_llm,1
batch_llm,16,20,83.27779290119997,batch_llm,0
batch_llm,16,21,71.51017692964335,batch_llm,1
batch_llm,16,22,87.68960634279992,batch_llm,0
batch_llm,16,23,86.08584299230004,batch_llm,1
batch_llm,16,24,81.3751376814333,batch_llm,1
batch_llm,16,25,28.83589058608663,batch_llm,0
batch_llm,16,26,32.90882990763002,batch_llm,1
batch_llm,16,27,71.15161233495998,batch_llm,1
batch_llm,16,28,66.24465896583335,batch_llm,2
batch_llm,16,29,39.432498391513356,batch_llm,0
batch_llm_ucb,16,0,48.05198614171336,batch_llm_ucb,0
batch_llm_ucb,16,1,68.76065794792666,batch_llm_ucb,0
batch_llm_ucb,16,2,71.78734125743333,batch_llm_ucb,1
batch_llm_ucb,16,3,66.94579753340666,batch_llm_ucb,1
batch_llm_ucb,16,4,78.39357758868,batch_llm_ucb,2
batch_llm_ucb,16,5,77.39197559564666,batch_llm_ucb,2
batch_llm_ucb,16,6,80.65532790514328,batch_llm_ucb,2
batch_llm_ucb,16,7,77.74319664436666,batch_llm_ucb,2
batch_llm_ucb,16,8,60.193777715233345,batch_llm_ucb,2
batch_llm_ucb,16,9,41.307164434919976,batch_llm_ucb,0
batch_llm_ucb,16,10,79.34173461292662,batch_llm_ucb,2
batch_llm_ucb,16,11,78.97663926736,batch_llm_ucb,2
batch_llm_ucb,16,12,69.47680080041997,bo_fallback_ucb,3
batch_llm_ucb,16,13,47.76727121989337,batch_llm_ucb,2
batch_llm_ucb,16,14,67.53788515320001,batch_llm_ucb,1
batch_llm_ucb,16,15,74.54543484606664,batch_llm_ucb,1
batch_llm_ucb,16,16,66.71348368933332,bo_fallback_ucb,3
batch_llm_ucb,16,17,63.43934752253332,batch_llm_ucb,1
batch_llm_ucb,16,18,87.32617858603334,batch_llm_ucb,1
batch_llm_ucb,16,19,81.02795007332995,batch_llm_ucb,2
batch_llm_ucb,16,20,55.54521848542665,bo_fallback_ucb,3
batch_llm_ucb,16,21,78.18804185743338,bo_fallback_ucb,3
batch_llm_ucb,16,22,78.75063091706002,batch_llm_ucb,0
batch_llm_ucb,16,23,85.18644539036671,batch_llm_ucb,1
batch_llm_ucb,16,24,84.77652791036671,batch_llm_ucb,1
batch_llm_ucb,16,25,81.72013363656662,batch_llm_ucb,2
batch_llm_ucb,16,26,79.29937863723327,batch_llm_ucb,2
batch_llm_ucb,16,27,73.69635501272,batch_llm_ucb,2
batch_llm_ucb,16,28,81.54246962656666,bo_fallback_ucb,3
batch_llm_ucb,16,29,85.0442283593667,batch_llm_ucb,2
bo_puro,17,0,70.83544728305,bo_puro,0
bo_puro,17,1,69.39444137905997,bo_puro,0
bo_puro,17,2,43.15518130140334,bo_puro,0
bo_puro,17,3,72.38615167807998,bo_puro,0
bo_puro,17,4,72.09578537286338,bo_puro,0
bo_puro,17,5,65.8340599256301,bo_puro,0
bo_puro,17,6,42.06940054492669,bo_puro,0
bo_puro,17,7,68.89900044074332,bo_puro,0
bo_puro,17,8,64.94647879353666,bo_puro,0
bo_puro,17,9,61.35753048452665,bo_puro,0
bo_puro,17,10,73.25642006089998,bo_puro,0
bo_puro,17,11,67.09974852659333,bo_puro,0
bo_puro,17,12,68.27653034145332,bo_puro,0
bo_puro,17,13,58.58981906575998,bo_puro,0
bo_puro,17,14,71.75558658091336,bo_puro,0
bo_puro,17,15,68.15846930327334,bo_puro,0
bo_puro,17,16,72.67466833810005,bo_puro,0
bo_puro,17,17,83.05187017499995,bo_puro,0
bo_puro,17,18,72.26315627136665,bo_puro,0
bo_puro,17,19,83.2414695514333,bo_puro,0
bo_puro,17,20,87.59215494669998,bo_puro,0
bo_puro,17,21,43.297521371399974,bo_puro,0
bo_puro,17,22,82.71894010346657,bo_puro,0
bo_puro,17,23,81.60210332536666,bo_puro,0
bo_puro,17,24,39.68103062424667,bo_puro,0
bo_puro,17,25,86.42286560429994,bo_puro,0
bo_puro,17,26,86.90523725206657,bo_puro,0
bo_puro,17,27,67.23269008213333,bo_puro,0
bo_puro,17,28,82.89976294383334,bo_puro,0
bo_puro,17,29,74.72436630233332,bo_puro,0
bo_puro_ucb,17,0,71.42047750177339,bo_puro_ucb,0
bo_puro_ucb,17,1,69.53552187323662,bo_puro_ucb,0
bo_puro_ucb,17,2,36.08489937187334,bo_puro_ucb,0
bo_puro_ucb,17,3,68.27624349666667,bo_puro_ucb,0
bo_puro_ucb,17,4,71.61700145939668,bo_puro_ucb,0
bo_puro_ucb,17,5,66.56985557314009,bo_puro_ucb,0
bo_puro_ucb,17,6,67.07663228300001,bo_puro_ucb,0
bo_puro_ucb,17,7,35.274709966683375,bo_puro_ucb,0
bo_puro_ucb,17,8,74.09828412703999,bo_puro_ucb,0
bo_puro_ucb,17,9,67.17152032163337,bo_puro_ucb,0
bo_puro_ucb,17,10,73.26608709724668,bo_puro_ucb,0
bo_puro_ucb,17,11,54.20309562733008,bo_puro_ucb,0
bo_puro_ucb,17,12,68.67699095171331,bo_puro_ucb,0
bo_puro_ucb,17,13,55.52023567522996,bo_puro_ucb,0
bo_puro_ucb,17,14,33.5864666756067,bo_puro_ucb,0
bo_puro_ucb,17,15,69.69311552778328,bo_puro_ucb,0
bo_puro_ucb,17,16,62.19604051596672,bo_puro_ucb,0
bo_puro_ucb,17,17,70.65721905663332,bo_puro_ucb,0
bo_puro_ucb,17,18,62.927321353476664,bo_puro_ucb,0
bo_puro_ucb,17,19,64.20273142033012,bo_puro_ucb,0
bo_puro_ucb,17,20,26.467355165583328,bo_puro_ucb,0
bo_puro_ucb,17,21,80.79022167033328,bo_puro_ucb,0
bo_puro_ucb,17,22,74.5245221870001,bo_puro_ucb,0
bo_puro_ucb,17,23,47.33812403948998,bo_puro_ucb,0
bo_puro_ucb,17,24,47.91195343559334,bo_puro_ucb,0
bo_puro_ucb,17,25,61.707646323166614,bo_puro_ucb,0
bo_puro_ucb,17,26,75.37722074223329,bo_puro_ucb,0
bo_puro_ucb,17,27,81.31541848996001,bo_puro_ucb,0
bo_puro_ucb,17,28,82.28644927406664,bo_puro_ucb,0
bo_puro_ucb,17,29,78.25485747206662,bo_puro_ucb,0
multiagente,17,0,71.0691180714533,multiagent,0
multiagente,17,1,70.05352654237332,multiagent,0
multiagente,17,2,71.87429467675334,multiagent,0
multiagente,17,3,70.52671163577001,multiagent,0
multiagente,17,4,47.34869264563337,multiagent,0
multiagente,17,5,40.02993914686003,multiagent,0
multiagente,17,6,73.6822713117,multiagent,0
multiagente,17,7,71.73430440079997,multiagent,0
multiagente,17,8,72.03054037123667,multiagent,0
multiagente,17,9,61.17437555433329,multiagent,0
multiagente,17,10,70.29821616673668,multiagent,0
multiagente,17,11,69.69591804543998,multiagent,0
multiagente,17,12,76.53517310713335,multiagent,0
multiagente,17,13,83.6738364699333,multiagent,0
multiagente,17,14,76.01715199750002,multiagent,0
multiagente,17,15,34.34523878205337,multiagent,0
multiagente,17,16,79.01055945849998,multiagent,0
multiagente,17,17,77.6493958804,multiagent,0
multiagente,17,18,73.66050720868998,multiagent,0
multiagente,17,19,76.91496469943336,multiagent,0
multiagente,17,20,8.083601318699998,multiagent,0
multiagente,17,21,73.64118045480996,multiagent,0
multiagente,17,22,81.22331337029998,multiagent,0
multiagente,17,23,67.19926076569996,multiagent,0
multiagente,17,24,80.87998616534,multiagent,0
multiagente,17,25,60.121269184783365,multiagent,0
multiagente,17,26,69.56042473033334,multiagent,0
multiagente,17,27,82.25569049596665,multiagent,0
multiagente,17,28,42.36106536873671,multiagent,0
multiagente,17,29,69.7526755224933,multiagent,0
multiagente_ucb,17,0,72.13127705985998,multiagente_ucb,1
multiagente_ucb,17,1,73.09628912041342,multiagente_ucb,0
multiagente_ucb,17,2,69.49575527166999,multiagente_ucb,0
multiagente_ucb,17,3,73.30731147128333,multiagente_ucb,1
multiagente_ucb,17,4,45.278482508399996,multiagente_ucb,0
multiagente_ucb,17,5,60.87077154276332,multiagente_ucb,0
multiagente_ucb,17,6,70.30166592859327,multiagente_ucb,1
multiagente_ucb,17,7,24.384423690189994,multiagente_ucb,0
multiagente_ucb,17,8,73.18055795742673,multiagente_ucb,0
multiagente_ucb,17,9,75.26268036295666,multiagente_ucb,0
multiagente_ucb,17,10,70.66624045345677,multiagente_ucb,0
multiagente_ucb,17,11,6.683994439163332,multiagente_ucb,0
multiagente_ucb,17,12,65.88751347665001,multiagente_ucb,0
multiagente_ucb,17,13,70.38261359799338,multiagente_ucb,0
multiagente_ucb,17,14,72.18462791256674,multiagente_ucb,0
multiagente_ucb,17,15,65.73339062354661,multiagente_ucb,0
multiagente_ucb,17,16,2.3738379948099992,multiagente_ucb,0
multiagente_ucb,17,17,72.63221214126338,multiagente_ucb,0
multiagente_ucb,17,18,73.99917134993669,multiagente_ucb,0
multiagente_ucb,17,19,77.04230265040005,multiagente_ucb,0
multiagente_ucb,17,20,35.98563555210337,multiagente_ucb,0
multiagente_ucb,17,21,72.82811221313325,multiagente_ucb,0
multiagente_ucb,17,22,70.02000118695665,multiagente_ucb,1
multiagente_ucb,17,23,78.4125491786,multiagente_ucb,1
multiagente_ucb,17,24,75.94604148913331,multiagente_ucb,2
multiagente_ucb,17,25,72.19786433991335,multiagente_ucb,1
multiagente_ucb,17,26,78.4381470157267,multiagente_ucb,0
multiagente_ucb,17,27,78.64846119316665,multiagente_ucb,2
multiagente_ucb,17,28,86.38243830233333,multiagente_ucb,0
multiagente_ucb,17,29,80.05418399379336,multiagente_ucb,1
batch_llm,17,0,63.07437825566667,batch_llm,0
batch_llm,17,1,70.12767184645996,batch_llm,0
batch_llm,17,2,58.695710719793354,batch_llm,0
batch_llm,17,3,66.49045936414001,batch_llm,0
batch_llm,17,4,71.21541049342999,batch_llm,0
batch_llm,17,5,74.85534781454994,batch_llm,0
batch_llm,17,6,33.01189695824334,batch_llm,0
batch_llm,17,7,67.28170342768334,batch_llm,1
batch_llm,17,8,77.50353506050661,batch_llm,0
batch_llm,17,9,40.70177894805338,batch_llm,0
batch_llm,17,10,70.63575511555993,batch_llm,1
batch_llm,17,11,72.77758868294003,batch_llm,1
batch_llm,17,12,71.59080355994332,batch_llm,1
batch_llm,17,13,66.23849793684332,batch_llm,0
batch_llm,17,14,36.875384653176695,batch_llm,0
batch_llm,17,15,18.13315054591,batch_llm,0
batch_llm,17,16,21.6067419315633,batch_llm,0
batch_llm,17,17,68.7936158233166,batch_llm,0
batch_llm,17,18,68.4940171932833,batch_llm,1
batch_llm,17,19,69.2102058773533,batch_llm,1
batch_llm,17,20,73.02573427681665,batch_llm,1
batch_llm,17,21,72.55874412098666,batch_llm,1
batch_llm,17,22,43.045005765380004,batch_llm,0
batch_llm,17,23,71.82091802308334,batch_llm,1
batch_llm,17,24,12.472201388036677,batch_llm,0
batch_llm,17,25,61.70095913891334,batch_llm,0
batch_llm,17,26,56.43702876111334,batch_llm,0
batch_llm,17,27,69.80839836155339,batch_llm,1
batch_llm,17,28,45.634661763626625,batch_llm,0
batch_llm,17,29,69.57051740598327,batch_llm,1
batch_llm_ucb,17,0,40.74481124291332,batch_llm_ucb,1
batch_llm_ucb,17,1,72.90542027526008,batch_llm_ucb,1
batch_llm_ucb,17,2,70.58334991208669,batch_llm_ucb,1
batch_llm_ucb,17,3,45.62819970872663,batch_llm_ucb,0
batch_llm_ucb,17,4,70.77263731322336,batch_llm_ucb,1
batch_llm_ucb,17,5,31.111827467380024,batch_llm_ucb,1
batch_llm_ucb,17,6,68.60999241966665,batch_llm_ucb,0
batch_llm_ucb,17,7,65.07522397040991,batch_llm_ucb,0
batch_llm_ucb,17,8,75.53653440734665,batch_llm_ucb,1
batch_llm_ucb,17,9,76.59039879786992,batch_llm_ucb,1
batch_llm_ucb,17,10,79.62062809753326,batch_llm_ucb,1
batch_llm_ucb,17,11,63.546454013333324,batch_llm_ucb,1
batch_llm_ucb,17,12,78.70764850446668,batch_llm_ucb,0
batch_llm_ucb,17,13,74.37156461053326,batch_llm_ucb,0
batch_llm_ucb,17,14,71.95767250258665,batch_llm_ucb,1
batch_llm_ucb,17,15,75.65802448766667,batch_llm_ucb,2
batch_llm_ucb,17,16,73.74185870327005,batch_llm_ucb,1
batch_llm_ucb,17,17,78.1067653495,batch_llm_ucb,0
batch_llm_ucb,17,18,65.02510809663332,batch_llm_ucb,2
batch_llm_ucb,17,19,24.434017895366665,batch_llm_ucb,0
batch_llm_ucb,17,20,73.05434860454993,batch_llm_ucb,1
batch_llm_ucb,17,21,74.54379220016666,batch_llm_ucb,1
batch_llm_ucb,17,22,61.308896318733325,batch_llm_ucb,1
batch_llm_ucb,17,23,70.67237245079997,batch_llm_ucb,1
batch_llm_ucb,17,24,76.16085070611665,batch_llm_ucb,1
batch_llm_ucb,17,25,62.42157234716666,batch_llm_ucb,0
batch_llm_ucb,17,26,70.20486990020326,batch_llm_ucb,2
batch_llm_ucb,17,27,82.98834189765996,batch_llm_ucb,1
batch_llm_ucb,17,28,73.5938384683766,batch_llm_ucb,1
batch_llm_ucb,17,29,73.63391824583992,batch_llm_ucb,2
bo_puro,18,0,77.51994947681666,bo_puro,0
bo_puro,18,1,81.30302771940995,bo_puro,0
bo_puro,18,2,71.99626824397666,bo_puro,0
bo_puro,18,3,53.33453710473663,bo_puro,0
bo_puro,18,4,77.62012748266001,bo_puro,0
bo_puro,18,5,73.66567048916001,bo_puro,0
bo_puro,18,6,49.41293859188,bo_puro,0
bo_puro,18,7,79.0436783170333,bo_puro,0
bo_puro,18,8,62.468564397366684,bo_puro,0
bo_puro,18,9,54.63637003934997,bo_puro,0
bo_puro,18,10,78.93490980023999,bo_puro,0
bo_puro,18,11,48.46773307769004,bo_puro,0
bo_puro,18,12,83.49500045084993,bo_puro,0
bo_puro,18,13,88.19434848666661,bo_puro,0
bo_puro,18,14,79.18916334388993,bo_puro,0
bo_puro,18,15,77.81457414811997,bo_puro,0
bo_puro,18,16,64.57196902088336,bo_puro,0
bo_puro,18,17,77.69908193128323,bo_puro,0
bo_puro,18,18,77.02633140522002,bo_puro,0
bo_puro,18,19,74.31238033383997,bo_puro,0
bo_puro,18,20,69.16340956936673,bo_puro,0
bo_puro,18,21,80.30869866131324,bo_puro,0
bo_puro,18,22,73.34182138087338,bo_puro,0
bo_puro,18,23,18.73500073879332,bo_puro,0
bo_puro,18,24,47.331982265153336,bo_puro,0
bo_puro,18,25,78.6087043562567,bo_puro,0
bo_puro,18,26,80.72231109830668,bo_puro,0
bo_puro,18,27,45.47971760230664,bo_puro,0
bo_puro,18,28,82.58131382798328,bo_puro,0
bo_puro,18,29,81.89140452240667,bo_puro,0
bo_puro_ucb,18,0,76.48360589135001,bo_puro_ucb,0
bo_puro_ucb,18,1,80.15062514184993,bo_puro_ucb,0
bo_puro_ucb,18,2,77.91062008283342,bo_puro_ucb,0
bo_puro_ucb,18,3,46.938499738826664,bo_puro_ucb,0
bo_puro_ucb,18,4,29.839433603896662,bo_puro_ucb,0
bo_puro_ucb,18,5,50.390989474256706,bo_puro_ucb,0
bo_puro_ucb,18,6,74.43230406110662,bo_puro_ucb,0
bo_puro_ucb,18,7,27.781357494400016,bo_puro_ucb,0
bo_puro_ucb,18,8,69.18836423989,bo_puro_ucb,0
bo_puro_ucb,18,9,77.62562024120668,bo_puro_ucb,0
bo_puro_ucb,18,10,54.34479330386668,bo_puro_ucb,0
bo_puro_ucb,18,11,78.66098066853996,bo_puro_ucb,0
bo_puro_ucb,18,12,79.28738124509668,bo_puro_ucb,0
bo_puro_ucb,18,13,45.05733018150664,bo_puro_ucb,0
bo_puro_ucb,18,14,67.0119410149666,bo_puro_ucb,0
bo_puro_ucb,18,15,70.31954684845005,bo_puro_ucb,0
bo_puro_ucb,18,16,36.80096214233338,bo_puro_ucb,0
bo_puro_ucb,18,17,81.19075970974991,bo_puro_ucb,0
bo_puro_ucb,18,18,80.29700621540663,bo_puro_ucb,0
bo_puro_ucb,18,19,59.12132154636331,bo_puro_ucb,0
bo_puro_ucb,18,20,76.28193237350007,bo_puro_ucb,0
bo_puro_ucb,18,21,78.17747137365329,bo_puro_ucb,0
bo_puro_ucb,18,22,81.06428884363658,bo_puro_ucb,0
bo_puro_ucb,18,23,71.69693321655335,bo_puro_ucb,0
bo_puro_ucb,18,24,81.82526714682663,bo_puro_ucb,0
bo_puro_ucb,18,25,34.11486022961336,bo_puro_ucb,0
bo_puro_ucb,18,26,57.935269186599996,bo_puro_ucb,0
bo_puro_ucb,18,27,78.85129838946666,bo_puro_ucb,0
bo_puro_ucb,18,28,77.35501784707331,bo_puro_ucb,0
bo_puro_ucb,18,29,80.9581211434933,bo_puro_ucb,0
multiagente,18,0,47.279587998456655,multiagent,0
multiagente,18,1,74.09501144260337,multiagent,0
multiagente,18,2,68.26221058609993,multiagent,0
multiagente,18,3,42.96418774620336,multiagent,0
multiagente,18,4,80.08472361393994,multiagent,0
multiagente,18,5,80.19517670903343,multiagent,0
multiagente,18,6,78.11207066546667,multiagent,0
multiagente,18,7,75.92642776072998,multiagent,1
multiagente,18,8,81.344403868,multiagent,1
multiagente,18,9,44.42426440144335,multiagent,0
multiagente,18,10,71.05113187685001,multiagent,2
multiagente,18,11,67.25312176819004,multiagent,0
multiagente,18,12,66.74413860729007,multiagent,1
multiagente,18,13,75.31129077758338,multiagent,0
multiagente,18,14,26.981064181900003,multiagent,0
multiagente,18,15,82.59160466318338,multiagent,1
multiagente,18,16,81.15254857553336,multiagent,0
multiagente,18,17,67.43110413982667,multiagent,0
multiagente,18,18,79.94688261573341,multiagent,0
multiagente,18,19,72.67631002409662,multiagent,1
multiagente,18,20,77.74694203037666,multiagent,0
multiagente,18,21,81.22065763061998,multiagent,0
multiagente,18,22,66.35523575306661,multiagent,0
multiagente,18,23,20.31587095572667,multiagent,0
multiagente,18,24,64.6111818935433,multiagent,0
multiagente,18,25,52.384867052430096,multiagent,0
multiagente,18,26,65.70353831303001,multiagent,0
multiagente,18,27,50.798445158629974,multiagent,0
multiagente,18,28,85.45612992783336,multiagent,0
multiagente,18,29,76.76457644332997,multiagent,1
multiagente_ucb,18,0,76.38863545371669,multiagente_ucb,0
multiagente_ucb,18,1,63.39739292841335,multiagente_ucb,0
multiagente_ucb,18,2,76.41904961173991,multiagente_ucb,1
multiagente_ucb,18,3,30.20121114035002,multiagente_ucb,1
multiagente_ucb,18,4,81.2133771881499,multiagente_ucb,1
multiagente_ucb,18,5,57.75501438449665,multiagente_ucb,0
multiagente_ucb,18,6,48.538411053649995,multiagente_ucb,0
multiagente_ucb,18,7,77.98817872171668,multiagente_ucb,1
multiagente_ucb,18,8,69.60339270847334,multiagente_ucb,1
multiagente_ucb,18,9,77.04335854150663,multiagente_ucb,0
multiagente_ucb,18,10,81.07053973399663,multiagente_ucb,1
multiagente_ucb,18,11,40.891605202773285,multiagente_ucb,0
multiagente_ucb,18,12,82.41498564453336,multiagente_ucb,1
multiagente_ucb,18,13,69.68917006692993,multiagente_ucb,1
multiagente_ucb,18,14,87.8308372141667,multiagente_ucb,1
multiagente_ucb,18,15,80.05011291329329,bo_fallback_ucb,3
multiagente_ucb,18,16,50.49294735074994,multiagente_ucb,2
multiagente_ucb,18,17,77.79142951824335,bo_fallback_ucb,3
multiagente_ucb,18,18,49.28943141350009,multiagente_ucb,1
multiagente_ucb,18,19,79.44406641476658,multiagente_ucb,2
multiagente_ucb,18,20,79.09741935387328,multiagente_ucb,1
multiagente_ucb,18,21,48.659279167343335,multiagente_ucb,1
multiagente_ucb,18,22,81.06375928704657,multiagente_ucb,2
multiagente_ucb,18,23,79.02772991407328,multiagente_ucb,2
multiagente_ucb,18,24,77.57291960028,multiagente_ucb,2
multiagente_ucb,18,25,28.315796512293353,multiagente_ucb,0
multiagente_ucb,18,26,76.43954777609662,multiagente_ucb,1
multiagente_ucb,18,27,79.93760196822332,bo_fallback_ucb,3
multiagente_ucb,18,28,88.03920445166676,multiagente_ucb,2
multiagente_ucb,18,29,82.84438042006667,bo_fallback_ucb,3
batch_llm,18,0,79.8629896056966,batch_llm,0
batch_llm,18,1,32.477100565463324,batch_llm,0
batch_llm,18,2,52.25754266394333,batch_llm,1
batch_llm,18,3,74.30347507718001,batch_llm,0
batch_llm,18,4,40.302448705239975,batch_llm,0
batch_llm,18,5,81.73982304667655,batch_llm,1
batch_llm,18,6,65.85875280414004,batch_llm,1
batch_llm,18,7,10.547981498159988,batch_llm,1
batch_llm,18,8,79.50736347365992,batch_llm,1
batch_llm,18,9,53.187135503593375,batch_llm,0
batch_llm,18,10,81.12944413270985,batch_llm,2
batch_llm,18,11,67.18314497493334,batch_llm,0
batch_llm,18,12,65.43413629833671,batch_llm,0
batch_llm,18,13,77.91144996386997,batch_llm,1
batch_llm,18,14,89.45247474693326,batch_llm,0
batch_llm,18,15,86.74331852256663,batch_llm,1
batch_llm,18,16,79.2665445545566,batch_llm,1
batch_llm,18,17,79.4173083102633,batch_llm,0
batch_llm,18,18,78.19303746717324,batch_llm,1
batch_llm,18,19,87.0856437460333,batch_llm,2
batch_llm,18,20,80.0467662534999,batch_llm,1
batch_llm,18,21,86.07364747839992,batch_llm,1
batch_llm,18,22,83.67167103843327,batch_llm,1
batch_llm,18,23,78.69069974900326,batch_llm,1
batch_llm,18,24,79.89088485718992,batch_llm,1
batch_llm,18,25,77.22720287098664,batch_llm,2
batch_llm,18,26,86.05991617073327,batch_llm,1
batch_llm,18,27,81.8762073393,bo_fallback,3
batch_llm,18,28,77.82730051132663,batch_llm,0
batch_llm,18,29,48.88549094945671,batch_llm,2
batch_llm_ucb,18,0,41.36418624869332,batch_llm_ucb,1
batch_llm_ucb,18,1,19.16150635092001,batch_llm_ucb,0
batch_llm_ucb,18,2,72.7325347033933,batch_llm_ucb,1
batch_llm_ucb,18,3,78.69023262352331,batch_llm_ucb,1
batch_llm_ucb,18,4,67.73783508921001,batch_llm_ucb,0
batch_llm_ucb,18,5,49.09658853564332,batch_llm_ucb,0
batch_llm_ucb,18,6,69.99799371223327,batch_llm_ucb,0
batch_llm_ucb,18,7,44.14885826333336,batch_llm_ucb,1
batch_llm_ucb,18,8,37.12717601121005,batch_llm_ucb,0
batch_llm_ucb,18,9,70.93791029636333,batch_llm_ucb,0
batch_llm_ucb,18,10,73.12730691894005,batch_llm_ucb,0
batch_llm_ucb,18,11,71.11862437062332,batch_llm_ucb,1
batch_llm_ucb,18,12,75.25739216804001,batch_llm_ucb,2
batch_llm_ucb,18,13,76.87953011611665,batch_llm_ucb,1
batch_llm_ucb,18,14,59.26798190888671,batch_llm_ucb,0
batch_llm_ucb,18,15,56.71956531693327,batch_llm_ucb,2
batch_llm_ucb,18,16,74.41852325123335,batch_llm_ucb,2
batch_llm_ucb,18,17,77.34957156933334,batch_llm_ucb,1
batch_llm_ucb,18,18,65.93409162347332,batch_llm_ucb,2
batch_llm_ucb,18,19,77.93377805903667,batch_llm_ucb,2
batch_llm_ucb,18,20,72.67798183076667,batch_llm_ucb,2
batch_llm_ucb,18,21,52.39014274097996,batch_llm_ucb,1
batch_llm_ucb,18,22,80.69798432969992,batch_llm_ucb,1
batch_llm_ucb,18,23,58.01442736836674,batch_llm_ucb,0
batch_llm_ucb,18,24,4.068519595426668,batch_llm_ucb,0
batch_llm_ucb,18,25,72.31411381043347,batch_llm_ucb,0
batch_llm_ucb,18,26,72.42559160836666,batch_llm_ucb,1
batch_llm_ucb,18,27,51.07688859036999,batch_llm_ucb,0
batch_llm_ucb,18,28,71.16538034164668,batch_llm_ucb,0
batch_llm_ucb,18,29,81.93298467816669,batch_llm_ucb,1
bo_puro,19,0,81.15003562750003,bo_puro,0
bo_puro,19,1,67.27851422538001,bo_puro,0
bo_puro,19,2,85.67279691463332,bo_puro,0
bo_puro,19,3,81.92130464293334,bo_puro,0
bo_puro,19,4,70.55360781483331,bo_puro,0
bo_puro,19,5,71.74576350889335,bo_puro,0
bo_puro,19,6,47.7435607390667,bo_puro,0
bo_puro,19,7,67.58039910708672,bo_puro,0
bo_puro,19,8,70.90544580909997,bo_puro,0
bo_puro,19,9,86.17536263939996,bo_puro,0
bo_puro,19,10,82.98870704496666,bo_puro,0
bo_puro,19,11,53.139765500813304,bo_puro,0
bo_puro,19,12,85.01580665359992,bo_puro,0
bo_puro,19,13,85.42028858136666,bo_puro,0
bo_puro,19,14,82.96919168909999,bo_puro,0
bo_puro,19,15,49.71712357073662,bo_puro,0
bo_puro,19,16,70.7021145454333,bo_puro,0
bo_puro,19,17,72.78430030583665,bo_puro,0
bo_puro,19,18,79.14089569589999,bo_puro,0
bo_puro,19,19,81.6719551055333,bo_puro,0
bo_puro,19,20,82.32314297769997,bo_puro,0
bo_puro,19,21,84.99376051659993,bo_puro,0
bo_puro,19,22,82.36318040849999,bo_puro,0
bo_puro,19,23,82.64437675969995,bo_puro,0
bo_puro,19,24,73.92233614558664,bo_puro,0
bo_puro,19,25,26.55139380474997,bo_puro,0
bo_puro,19,26,83.54263600403327,bo_puro,0
bo_puro,19,27,85.01201291083328,bo_puro,0
bo_puro,19,28,85.02257940023333,bo_puro,0
bo_puro,19,29,85.06511644836664,bo_puro,0
bo_puro_ucb,19,0,71.8363325474334,bo_puro_ucb,0
bo_puro_ucb,19,1,32.627924826786675,bo_puro_ucb,0
bo_puro_ucb,19,2,45.94298501550998,bo_puro_ucb,0
bo_puro_ucb,19,3,69.82580016008335,bo_puro_ucb,0
bo_puro_ucb,19,4,46.106862398999986,bo_puro_ucb,0
bo_puro_ucb,19,5,72.24164726470003,bo_puro_ucb,0
bo_puro_ucb,19,6,77.46273223214006,bo_puro_ucb,0
bo_puro_ucb,19,7,68.06857764316996,bo_puro_ucb,0
bo_puro_ucb,19,8,80.03041064103336,bo_puro_ucb,0
bo_puro_ucb,19,9,80.91549776106994,bo_puro_ucb,0
bo_puro_ucb,19,10,34.71743379743332,bo_puro_ucb,0
bo_puro_ucb,19,11,48.49210639587337,bo_puro_ucb,0
bo_puro_ucb,19,12,66.11616229264332,bo_puro_ucb,0
bo_puro_ucb,19,13,85.07343224313328,bo_puro_ucb,0
bo_puro_ucb,19,14,17.660440964849997,bo_puro_ucb,0
bo_puro_ucb,19,15,85.59904159303335,bo_puro_ucb,0
bo_puro_ucb,19,16,85.07662749113332,bo_puro_ucb,0
bo_puro_ucb,19,17,80.83565566513329,bo_puro_ucb,0
bo_puro_ucb,19,18,58.52541459946665,bo_puro_ucb,0
bo_puro_ucb,19,19,75.83192273310004,bo_puro_ucb,0
bo_puro_ucb,19,20,84.17880922123332,bo_puro_ucb,0
bo_puro_ucb,19,21,81.1710532548667,bo_puro_ucb,0
bo_puro_ucb,19,22,79.39207213423323,bo_puro_ucb,0
bo_puro_ucb,19,23,46.26561563896667,bo_puro_ucb,0
bo_puro_ucb,19,24,85.93218042996658,bo_puro_ucb,0
bo_puro_ucb,19,25,84.79479851473334,bo_puro_ucb,0
bo_puro_ucb,19,26,74.61407623225672,bo_puro_ucb,0
bo_puro_ucb,19,27,53.18988147840331,bo_puro_ucb,0
bo_puro_ucb,19,28,81.03019962663339,bo_puro_ucb,0
bo_puro_ucb,19,29,76.6207034140667,bo_puro_ucb,0
multiagente,19,0,81.16936897109998,multiagent,0
multiagente,19,1,81.14057283340003,multiagent,0
multiagente,19,2,67.26386619704668,multiagent,0
multiagente,19,3,84.55197187669994,multiagent,0
multiagente,19,4,81.94317750846663,multiagent,0
multiagente,19,5,71.57675526042662,multiagent,2
multiagente,19,6,82.53169301076329,multiagent,0
multiagente,19,7,84.07917781880008,multiagent,1
multiagente,19,8,84.10675975830003,multiagent,0
multiagente,19,9,81.68667808072667,multiagent,1
multiagente,19,10,79.33301625693332,multiagent,0
multiagente,19,11,75.19467624433341,multiagent,0
multiagente,19,12,67.76345171155003,multiagent,0
multiagente,19,13,79.6788727338999,multiagent,0
multiagente,19,14,47.90154098972337,multiagent,1
multiagente,19,15,66.56500214333332,multiagent,0
multiagente,19,16,82.0923607250333,multiagent,0
multiagente,19,17,60.36391834076672,multiagent,2
multiagente,19,18,47.60339651482,multiagent,0
multiagente,19,19,75.1084466974,multiagent,0
multiagente,19,20,80.20145497180002,multiagent,0
multiagente,19,21,82.21863951343332,multiagent,0
multiagente,19,22,72.10016833643,multiagent,0
multiagente,19,23,81.5981714125334,multiagent,0
multiagente,19,24,74.39553086196672,multiagent,0
multiagente,19,25,79.32540750013327,multiagent,1
multiagente,19,26,80.84996639626331,multiagent,0
multiagente,19,27,82.8329333109333,multiagent,0
multiagente,19,28,81.76396486117999,multiagent,0
multiagente,19,29,73.5365081728,multiagent,1
multiagente_ucb,19,0,72.26889537256673,multiagente_ucb,0
multiagente_ucb,19,1,86.13352937053332,multiagente_ucb,1
multiagente_ucb,19,2,80.31538543943326,multiagente_ucb,0
multiagente_ucb,19,3,46.88461500742995,multiagente_ucb,1
multiagente_ucb,19,4,67.02193191544337,multiagente_ucb,0
multiagente_ucb,19,5,71.1634941822333,multiagente_ucb,0
multiagente_ucb,19,6,74.65313292723,multiagente_ucb,0
multiagente_ucb,19,7,41.960558363729994,multiagente_ucb,0
multiagente_ucb,19,8,44.956437154276635,multiagente_ucb,0
multiagente_ucb,19,9,81.07460096506664,multiagente_ucb,1
multiagente_ucb,19,10,80.64251535093328,multiagente_ucb,0
multiagente_ucb,19,11,83.11580039193328,multiagente_ucb,1
multiagente_ucb,19,12,77.30105963506004,multiagente_ucb,1
multiagente_ucb,19,13,67.22282167556666,multiagente_ucb,0
multiagente_ucb,19,14,67.07110255599999,multiagente_ucb,0
multiagente_ucb,19,15,81.57281894602988,multiagente_ucb,1
multiagente_ucb,19,16,48.40021354333333,multiagente_ucb,0
multiagente_ucb,19,17,30.780846353500014,multiagente_ucb,0
multiagente_ucb,19,18,75.99060280712669,multiagente_ucb,0
multiagente_ucb,19,19,79.92789030818334,multiagente_ucb,1
multiagente_ucb,19,20,79.20311579742993,multiagente_ucb,1
multiagente_ucb,19,21,67.89771659481009,multiagente_ucb,0
multiagente_ucb,19,22,74.85053379276661,multiagente_ucb,0
multiagente_ucb,19,23,36.52464486971663,multiagente_ucb,0
multiagente_ucb,19,24,75.05399989183334,multiagente_ucb,1
multiagente_ucb,19,25,83.36495946246662,multiagente_ucb,1
multiagente_ucb,19,26,82.18475190809994,multiagente_ucb,1
multiagente_ucb,19,27,76.38636426729332,multiagente_ucb,2
multiagente_ucb,19,28,68.76417898729997,multiagente_ucb,0
multiagente_ucb,19,29,81.40527663569996,multiagente_ucb,2
batch_llm,19,0,80.26114819346668,batch_llm,0
batch_llm,19,1,82.27705877893325,batch_llm,0
batch_llm,19,2,85.05978910136662,batch_llm,1
batch_llm,19,3,82.76731015152336,batch_llm,1
batch_llm,19,4,71.27753090501668,batch_llm,0
batch_llm,19,5,49.742778671476685,batch_llm,0
batch_llm,19,6,76.83885621276667,batch_llm,1
batch_llm,19,7,45.229151256603366,batch_llm,0
batch_llm,19,8,21.56446285848665,batch_llm,0
batch_llm,19,9,81.0695732858,batch_llm,1
batch_llm,19,10,79.5813355817899,batch_llm,1
batch_llm,19,11,27.087273303969955,batch_llm,0
batch_llm,19,12,20.89197197053666,batch_llm,0
batch_llm,19,13,84.2863975944333,batch_llm,1
batch_llm,19,14,74.62441191703333,batch_llm,0
batch_llm,19,15,80.34000230779994,batch_llm,0
batch_llm,19,16,83.41952994249996,batch_llm,1
batch_llm,19,17,77.84618541145657,bo_fallback,3
batch_llm,19,18,73.59206006943334,batch_llm,0
batch_llm,19,19,50.31792778737668,batch_llm,0
batch_llm,19,20,49.518228164633285,batch_llm,0
batch_llm,19,21,65.02259876716661,batch_llm,0
batch_llm,19,22,46.57571430014667,batch_llm,0
batch_llm,19,23,82.70566530153329,batch_llm,0
batch_llm,19,24,71.89206307203327,batch_llm,0
batch_llm,19,25,74.21648223393335,batch_llm,0
batch_llm,19,26,74.25767083603341,batch_llm,1
batch_llm,19,27,76.0186128331667,batch_llm,0
batch_llm,19,28,82.92162526863332,batch_llm,1
batch_llm,19,29,80.59311713849989,batch_llm,1
batch_llm_ucb,19,0,75.09905183266996,batch_llm_ucb,0
batch_llm_ucb,19,1,81.36831909593329,batch_llm_ucb,1
batch_llm_ucb,19,2,25.385386645626674,batch_llm_ucb,0
batch_llm_ucb,19,3,53.924372305126695,batch_llm_ucb,0
batch_llm_ucb,19,4,45.08534719448002,batch_llm_ucb,0
batch_llm_ucb,19,5,73.84733142435003,batch_llm_ucb,0
batch_llm_ucb,19,6,68.72519553059998,batch_llm_ucb,0
batch_llm_ucb,19,7,74.36662938786668,batch_llm_ucb,1
batch_llm_ucb,19,8,78.3483311362,batch_llm_ucb,1
batch_llm_ucb,19,9,82.33410955392667,batch_llm_ucb,1
batch_llm_ucb,19,10,73.93244826339998,batch_llm_ucb,0
batch_llm_ucb,19,11,72.48783300276665,batch_llm_ucb,0
batch_llm_ucb,19,12,67.19414240743669,batch_llm_ucb,1
batch_llm_ucb,19,13,80.98913975803332,batch_llm_ucb,1
batch_llm_ucb,19,14,78.7384167734,batch_llm_ucb,2
batch_llm_ucb,19,15,41.93207704982997,batch_llm_ucb,1
batch_llm_ucb,19,16,79.76727828839995,batch_llm_ucb,1
batch_llm_ucb,19,17,85.74286395826657,batch_llm_ucb,1
batch_llm_ucb,19,18,79.38599752893333,batch_llm_ucb,2
batch_llm_ucb,19,19,45.60914527524338,bo_fallback_ucb,3
batch_llm_ucb,19,20,75.74571780352657,batch_llm_ucb,1
batch_llm_ucb,19,21,79.83854199703329,batch_llm_ucb,1
batch_llm_ucb,19,22,80.5457806617,batch_llm_ucb,1
batch_llm_ucb,19,23,81.96809047866329,batch_llm_ucb,1
batch_llm_ucb,19,24,79.4175603179266,batch_llm_ucb,2
batch_llm_ucb,19,25,78.06840387663334,batch_llm_ucb,2
batch_llm_ucb,19,26,70.2519884521667,bo_fallback_ucb,3
batch_llm_ucb,19,27,47.613162877719994,batch_llm_ucb,2
batch_llm_ucb,19,28,80.69783258749997,batch_llm_ucb,1
batch_llm_ucb,19,29,83.81185365293322,batch_llm_ucb,2
